5000,,,,,
file_name,hair_color,eyeglasses,smiling,young,human
1,1,-1,1,1,-1
2,4,-1,1,1,1
3,5,-1,1,-1,-1
4,-1,-1,-1,-1,-1
5,-1,-1,-1,-1,-1
6,-1,-1,-1,-1,-1
7,2,-1,1,1,-1
8,3,-1,1,1,-1
9,1,1,1,1,-1
10,5,-1,1,-1,-1
11,-1,-1,-1,-1,-1
12,1,-1,1,1,-1
13,3,-1,-1,1,1
14,4,-1,-1,1,1
15,-1,-1,-1,-1,-1
16,5,1,1,-1,-1
17,4,-1,1,1,-1
18,4,1,1,1,-1
19,4,-1,-1,1,1
20,1,-1,-1,1,1
21,-1,-1,-1,-1,-1
22,-1,-1,-1,1,1
23,-1,-1,1,1,1
24,5,1,1,-1,-1
25,1,-1,1,1,-1
26,2,-1,1,1,-1
27,-1,-1,-1,-1,-1
28,3,1,1,1,-1
29,5,1,1,-1,-1
30,1,-1,1,-1,1
31,3,-1,-1,1,1
32,5,1,1,-1,-1
33,-1,-1,-1,1,1
34,1,1,1,1,-1
35,1,1,1,1,-1
36,2,1,1,1,-1
37,1,-1,1,1,-1
38,-1,-1,1,1,1
39,1,-1,1,1,1
40,1,-1,1,1,-1
41,3,-1,-1,1,1
42,-1,-1,1,1,1
43,4,-1,-1,1,1
44,1,1,1,1,-1
45,5,-1,1,-1,-1
46,4,1,1,1,-1
47,4,-1,1,1,1
48,4,-1,1,-1,1
49,4,-1,-1,1,1
50,4,-1,1,-1,1
51,3,-1,-1,1,1
52,4,1,1,-1,1
53,0,-1,1,1,1
54,4,-1,-1,1,1
55,1,1,1,1,-1
56,4,-1,1,1,1
57,3,-1,1,1,-1
58,-1,-1,-1,-1,-1
59,1,1,1,1,-1
60,-1,-1,-1,-1,1
61,1,1,1,1,-1
62,5,-1,1,-1,-1
63,-1,-1,1,1,1
64,2,1,1,1,-1
65,-1,-1,1,-1,1
66,1,1,1,1,-1
67,-1,-1,-1,-1,-1
68,4,1,1,1,-1
69,1,-1,1,1,-1
70,4,-1,-1,1,1
71,4,-1,1,1,-1
72,-1,-1,-1,-1,1
73,4,-1,1,1,-1
74,1,1,1,1,-1
75,1,1,1,1,-1
76,5,-1,1,-1,1
77,3,-1,1,1,-1
78,2,-1,1,1,-1
79,1,-1,1,1,-1
80,0,1,1,-1,1
81,-1,-1,-1,-1,1
82,2,-1,1,1,-1
83,2,-1,1,1,-1
84,1,1,1,1,-1
85,5,-1,1,-1,-1
86,3,-1,1,1,1
87,3,-1,1,1,1
88,4,-1,1,1,1
89,-1,-1,1,1,1
90,-1,-1,1,1,1
91,4,-1,-1,1,1
92,1,1,1,1,-1
93,4,-1,-1,1,1
94,3,-1,1,1,-1
95,5,-1,1,-1,-1
96,1,-1,1,1,-1
97,2,1,1,1,-1
98,4,-1,1,1,1
99,-1,-1,-1,1,1
100,4,-1,1,1,1
101,-1,-1,1,1,1
102,-1,-1,-1,1,1
103,2,-1,1,1,-1
104,4,-1,1,1,1
105,2,1,1,1,-1
106,1,-1,1,1,1
107,2,1,1,1,-1
108,5,1,1,-1,-1
109,2,-1,1,1,-1
110,4,-1,1,1,1
111,4,-1,1,1,-1
112,5,-1,1,-1,-1
113,5,1,1,-1,-1
114,1,-1,1,1,-1
115,4,-1,-1,1,1
116,3,-1,1,1,1
117,3,1,1,1,-1
118,1,1,1,1,-1
119,-1,-1,1,1,1
120,3,1,1,1,-1
121,1,1,1,1,-1
122,3,-1,1,1,-1
123,2,-1,1,1,-1
124,3,1,1,1,-1
125,-1,-1,-1,-1,-1
126,5,1,1,-1,-1
127,2,1,1,1,-1
128,1,-1,-1,1,1
129,-1,-1,-1,-1,-1
130,4,-1,1,1,-1
131,1,-1,1,1,-1
132,-1,-1,1,1,1
133,3,-1,1,1,-1
134,1,-1,1,1,1
135,1,1,1,1,-1
136,0,-1,1,1,1
137,1,-1,1,1,-1
138,-1,-1,-1,1,1
139,-1,1,-1,1,1
140,4,-1,1,1,-1
141,5,1,1,-1,-1
142,3,1,1,1,-1
143,5,-1,1,-1,-1
144,3,-1,1,1,1
145,2,1,1,1,-1
146,3,-1,1,1,-1
147,5,-1,-1,-1,1
148,2,1,1,1,-1
149,4,-1,1,1,-1
150,4,1,1,1,-1
151,-1,-1,-1,-1,-1
152,4,1,1,1,-1
153,4,-1,1,1,1
154,3,-1,1,1,-1
155,5,-1,1,-1,-1
156,1,-1,1,1,-1
157,-1,-1,-1,-1,1
158,4,1,1,1,-1
159,1,-1,1,1,-1
160,4,-1,1,1,1
161,3,1,1,1,-1
162,3,1,1,1,-1
163,3,-1,1,1,-1
164,4,1,1,1,-1
165,5,1,1,-1,-1
166,1,1,1,1,-1
167,-1,-1,-1,-1,-1
168,4,-1,1,1,-1
169,3,-1,1,1,-1
170,3,-1,-1,1,1
171,-1,-1,-1,1,1
172,2,-1,1,1,-1
173,3,1,-1,-1,1
174,4,-1,-1,1,1
175,-1,-1,-1,-1,-1
176,1,-1,1,1,-1
177,1,-1,1,-1,1
178,4,-1,-1,1,1
179,-1,-1,-1,1,1
180,5,1,1,-1,-1
181,4,-1,-1,1,1
182,5,-1,1,-1,-1
183,1,-1,1,1,-1
184,4,1,1,1,-1
185,-1,-1,1,-1,1
186,4,-1,1,1,1
187,4,1,1,1,-1
188,5,-1,1,-1,-1
189,-1,-1,-1,-1,1
190,-1,1,1,1,1
191,-1,-1,-1,1,1
192,3,-1,1,1,1
193,-1,-1,-1,-1,-1
194,5,-1,1,-1,-1
195,2,1,1,1,-1
196,1,-1,1,1,-1
197,4,-1,1,1,1
198,2,1,1,1,-1
199,3,-1,1,1,1
200,2,-1,1,1,-1
201,4,-1,1,1,1
202,-1,-1,-1,1,1
203,-1,-1,-1,-1,-1
204,4,1,1,1,-1
205,1,-1,1,1,-1
206,-1,-1,1,1,1
207,-1,-1,-1,-1,-1
208,4,-1,-1,1,1
209,-1,-1,1,1,1
210,4,-1,1,1,1
211,1,-1,1,1,-1
212,1,-1,1,1,-1
213,1,1,1,1,-1
214,5,-1,1,-1,-1
215,2,1,1,1,-1
216,1,-1,1,1,1
217,3,1,1,1,-1
218,-1,-1,-1,-1,1
219,3,1,1,1,-1
220,-1,-1,-1,-1,-1
221,5,1,1,-1,-1
222,-1,-1,-1,-1,-1
223,-1,-1,-1,1,1
224,-1,-1,-1,1,1
225,0,-1,-1,1,1
226,-1,-1,1,1,1
227,-1,-1,-1,-1,-1
228,1,-1,1,1,-1
229,3,-1,1,1,1
230,1,-1,1,1,-1
231,5,-1,1,-1,-1
232,3,1,1,1,-1
233,4,-1,1,1,1
234,1,1,1,1,-1
235,1,1,1,1,-1
236,4,-1,1,1,1
237,1,1,1,1,-1
238,3,1,1,1,-1
239,4,-1,1,1,-1
240,0,-1,1,-1,-1
241,3,-1,1,1,-1
242,1,1,1,1,-1
243,4,-1,-1,1,1
244,1,1,-1,1,1
245,4,-1,1,1,1
246,-1,-1,-1,-1,1
247,1,-1,1,1,-1
248,-1,-1,-1,-1,-1
249,2,-1,1,1,-1
250,4,-1,-1,1,1
251,-1,-1,-1,-1,-1
252,3,-1,-1,1,1
253,-1,-1,-1,-1,-1
254,4,-1,1,-1,1
255,4,1,1,1,-1
256,1,-1,1,1,1
257,1,-1,1,1,-1
258,-1,-1,-1,1,1
259,3,-1,-1,1,1
260,4,1,1,1,-1
261,1,-1,1,1,-1
262,3,-1,1,1,1
263,1,-1,1,1,-1
264,1,-1,-1,1,1
265,3,-1,1,1,-1
266,-1,-1,-1,-1,-1
267,-1,-1,1,1,1
268,4,1,1,1,-1
269,1,-1,-1,1,1
270,2,-1,1,1,-1
271,1,-1,1,1,-1
272,4,-1,1,1,1
273,1,1,1,1,-1
274,1,-1,1,1,1
275,3,-1,1,1,-1
276,5,-1,1,-1,-1
277,-1,-1,1,-1,1
278,4,-1,1,1,-1
279,1,-1,-1,1,1
280,0,-1,1,-1,1
281,3,-1,-1,1,1
282,-1,-1,-1,1,1
283,2,-1,1,1,-1
284,3,-1,-1,1,1
285,-1,-1,-1,1,1
286,5,1,1,-1,-1
287,4,-1,1,1,1
288,-1,-1,-1,-1,1
289,-1,-1,-1,-1,-1
290,2,-1,1,1,-1
291,0,-1,-1,-1,1
292,4,-1,-1,1,1
293,5,-1,1,-1,1
294,4,-1,1,1,1
295,4,-1,1,1,-1
296,1,-1,1,1,1
297,4,-1,1,1,-1
298,3,-1,-1,1,1
299,2,1,1,1,-1
300,1,-1,1,1,-1
301,-1,-1,-1,-1,-1
302,5,1,1,-1,-1
303,2,-1,1,1,-1
304,4,-1,-1,1,1
305,-1,-1,-1,-1,-1
306,4,-1,1,1,-1
307,4,-1,-1,1,1
308,3,-1,1,-1,1
309,1,-1,1,1,-1
310,5,-1,1,-1,-1
311,4,-1,-1,1,1
312,1,1,1,1,-1
313,5,-1,-1,1,1
314,1,-1,1,1,-1
315,2,1,1,1,-1
316,-1,-1,-1,-1,-1
317,2,-1,1,1,-1
318,3,-1,1,1,-1
319,-1,-1,1,1,1
320,2,-1,1,1,-1
321,3,-1,1,1,-1
322,2,-1,1,1,-1
323,4,-1,-1,1,1
324,-1,-1,-1,-1,-1
325,1,-1,1,1,1
326,-1,-1,-1,-1,-1
327,2,1,1,1,-1
328,4,-1,1,-1,1
329,5,-1,1,-1,-1
330,4,-1,1,-1,1
331,4,-1,1,1,1
332,-1,-1,-1,-1,1
333,-1,-1,1,1,1
334,5,-1,1,-1,-1
335,5,-1,1,-1,-1
336,3,-1,1,-1,1
337,1,-1,1,1,-1
338,-1,-1,-1,1,1
339,3,1,1,1,-1
340,2,1,1,1,-1
341,-1,-1,-1,-1,-1
342,-1,-1,1,1,1
343,3,1,1,1,-1
344,1,1,1,1,-1
345,1,-1,-1,1,1
346,4,-1,1,-1,1
347,3,1,1,1,-1
348,3,-1,-1,1,1
349,5,1,1,-1,-1
350,4,1,1,1,1
351,3,-1,1,1,-1
352,4,1,1,1,-1
353,3,-1,1,1,-1
354,1,-1,1,1,-1
355,-1,-1,1,1,1
356,1,-1,1,1,-1
357,4,-1,1,1,1
358,-1,-1,-1,-1,-1
359,-1,-1,-1,-1,-1
360,4,-1,-1,1,1
361,3,-1,1,1,-1
362,3,-1,1,1,-1
363,3,-1,1,1,1
364,-1,-1,-1,-1,-1
365,1,-1,1,1,1
366,0,-1,-1,1,1
367,4,-1,-1,1,1
368,-1,-1,-1,-1,-1
369,4,-1,1,1,-1
370,4,-1,-1,1,1
371,1,1,1,1,-1
372,-1,-1,1,-1,1
373,3,-1,-1,1,1
374,3,1,1,1,-1
375,5,-1,1,-1,-1
376,-1,-1,1,1,1
377,4,-1,-1,1,1
378,3,-1,1,1,1
379,4,-1,1,1,-1
380,3,-1,1,1,1
381,4,-1,1,1,-1
382,-1,-1,-1,-1,1
383,1,-1,1,1,1
384,5,-1,1,-1,-1
385,5,1,1,-1,-1
386,-1,-1,-1,-1,-1
387,-1,-1,-1,-1,-1
388,1,1,1,1,-1
389,4,-1,1,1,1
390,3,-1,-1,1,1
391,2,1,1,1,-1
392,4,-1,-1,1,1
393,-1,-1,-1,-1,-1
394,1,-1,-1,1,1
395,5,1,1,-1,-1
396,3,-1,1,1,1
397,4,-1,-1,1,1
398,5,1,1,-1,-1
399,4,1,1,1,-1
400,3,-1,1,1,1
401,1,-1,1,-1,1
402,3,1,1,1,-1
403,1,1,1,1,-1
404,3,-1,1,-1,1
405,3,1,1,1,-1
406,1,-1,1,1,-1
407,1,-1,1,1,-1
408,3,-1,1,1,-1
409,3,-1,1,1,-1
410,-1,-1,-1,1,1
411,5,-1,1,-1,1
412,-1,-1,1,1,1
413,3,-1,1,1,-1
414,2,-1,1,1,-1
415,-1,-1,-1,-1,-1
416,5,1,1,-1,-1
417,3,-1,1,1,1
418,1,1,1,1,-1
419,5,-1,1,-1,-1
420,-1,-1,-1,1,1
421,2,-1,1,1,-1
422,3,1,1,1,-1
423,3,-1,-1,1,1
424,3,-1,1,1,1
425,4,1,1,1,-1
426,-1,-1,1,-1,1
427,-1,-1,-1,-1,-1
428,3,-1,1,1,-1
429,1,-1,1,1,-1
430,3,-1,1,-1,1
431,4,-1,1,1,1
432,-1,-1,-1,-1,-1
433,1,-1,1,1,-1
434,2,1,1,1,-1
435,2,1,1,1,-1
436,-1,-1,-1,1,1
437,3,-1,-1,-1,1
438,2,1,1,1,-1
439,1,-1,-1,1,1
440,-1,-1,-1,-1,-1
441,-1,-1,-1,1,1
442,-1,-1,1,1,1
443,2,1,1,1,-1
444,4,-1,1,1,-1
445,3,-1,-1,1,1
446,2,-1,1,1,-1
447,3,-1,1,1,-1
448,3,-1,1,1,1
449,-1,-1,-1,-1,-1
450,-1,-1,1,1,1
451,4,1,1,1,-1
452,-1,-1,-1,-1,-1
453,-1,-1,1,1,1
454,2,1,1,1,-1
455,1,-1,1,1,1
456,3,1,1,1,1
457,3,-1,-1,1,1
458,2,-1,1,1,-1
459,5,-1,1,-1,-1
460,4,-1,-1,1,1
461,3,-1,1,1,1
462,3,1,1,1,-1
463,3,-1,1,1,1
464,4,-1,1,1,1
465,4,-1,1,1,1
466,-1,-1,-1,-1,-1
467,3,-1,-1,1,1
468,4,1,1,1,-1
469,4,-1,-1,1,1
470,5,1,1,-1,-1
471,-1,-1,-1,-1,-1
472,5,-1,1,-1,-1
473,3,-1,1,1,-1
474,-1,-1,-1,1,1
475,5,-1,1,-1,-1
476,5,-1,1,-1,-1
477,1,-1,1,1,-1
478,3,-1,1,1,-1
479,3,-1,1,1,-1
480,1,-1,1,1,1
481,3,-1,1,1,-1
482,3,1,1,1,-1
483,2,-1,1,1,-1
484,-1,-1,-1,1,1
485,-1,-1,1,1,1
486,4,-1,-1,1,1
487,2,1,1,1,-1
488,1,1,1,1,-1
489,5,1,1,-1,-1
490,2,1,1,1,-1
491,3,1,1,1,-1
492,5,1,1,-1,-1
493,1,-1,1,1,1
494,1,1,1,1,-1
495,3,-1,-1,1,1
496,3,1,1,1,-1
497,3,-1,-1,1,1
498,-1,-1,-1,1,1
499,4,-1,-1,1,1
500,1,-1,1,1,1
501,1,-1,-1,1,1
502,3,-1,1,1,-1
503,-1,-1,-1,-1,-1
504,3,-1,1,1,-1
505,1,1,1,1,-1
506,0,-1,1,-1,-1
507,3,-1,1,1,1
508,4,-1,1,1,-1
509,1,1,1,1,-1
510,1,-1,1,1,1
511,-1,-1,-1,-1,-1
512,-1,-1,-1,-1,-1
513,-1,-1,-1,-1,1
514,3,1,1,1,-1
515,-1,-1,1,-1,1
516,3,-1,-1,1,1
517,-1,-1,-1,-1,-1
518,3,-1,1,-1,1
519,-1,-1,1,1,1
520,5,1,1,-1,-1
521,-1,-1,1,1,1
522,1,-1,1,1,1
523,4,-1,1,1,1
524,-1,-1,1,1,1
525,1,1,1,1,-1
526,1,1,1,1,-1
527,4,-1,-1,1,1
528,5,1,1,-1,-1
529,-1,-1,1,1,1
530,-1,-1,1,1,1
531,3,1,1,1,-1
532,1,-1,1,-1,1
533,3,-1,-1,-1,1
534,2,1,1,1,-1
535,1,-1,1,-1,1
536,1,1,1,1,-1
537,4,-1,1,1,-1
538,3,-1,-1,1,1
539,-1,-1,-1,-1,-1
540,1,1,1,1,-1
541,2,-1,1,1,-1
542,-1,-1,-1,-1,-1
543,3,-1,1,1,-1
544,4,-1,1,1,-1
545,2,1,1,1,-1
546,3,-1,-1,1,1
547,2,-1,1,1,-1
548,-1,-1,-1,-1,-1
549,4,-1,-1,1,1
550,1,-1,1,1,-1
551,2,1,1,1,-1
552,4,-1,1,-1,1
553,2,1,1,1,-1
554,5,1,1,-1,-1
555,1,-1,1,1,1
556,4,-1,-1,1,1
557,5,-1,1,-1,-1
558,-1,-1,1,1,1
559,4,-1,1,1,-1
560,-1,1,-1,-1,1
561,5,1,1,-1,-1
562,2,-1,1,1,-1
563,0,-1,1,-1,-1
564,4,-1,1,1,-1
565,3,1,1,1,-1
566,2,-1,1,1,-1
567,2,-1,1,1,-1
568,5,-1,1,-1,-1
569,3,-1,1,1,1
570,1,-1,1,1,-1
571,5,-1,1,-1,-1
572,1,1,1,1,-1
573,3,-1,1,1,1
574,-1,-1,-1,-1,-1
575,-1,-1,-1,-1,-1
576,4,1,1,1,-1
577,-1,-1,1,1,1
578,3,1,1,1,-1
579,4,1,1,1,-1
580,-1,-1,-1,1,1
581,-1,-1,1,1,1
582,-1,-1,1,1,1
583,3,-1,1,1,1
584,4,-1,1,1,1
585,5,1,1,-1,-1
586,3,-1,1,1,-1
587,-1,-1,-1,1,1
588,3,-1,1,1,-1
589,-1,-1,1,-1,1
590,5,-1,1,-1,-1
591,1,1,1,1,-1
592,-1,-1,1,1,1
593,1,-1,1,1,1
594,1,-1,1,1,-1
595,1,1,1,1,-1
596,-1,-1,-1,-1,-1
597,-1,-1,-1,1,1
598,3,-1,1,1,-1
599,-1,-1,-1,1,1
600,-1,-1,-1,-1,-1
601,3,-1,1,1,1
602,3,1,-1,1,1
603,-1,-1,-1,1,1
604,1,-1,1,1,-1
605,1,-1,1,1,-1
606,2,1,1,1,-1
607,5,1,1,-1,-1
608,1,-1,1,1,1
609,2,-1,1,1,-1
610,-1,-1,-1,-1,-1
611,4,-1,1,1,1
612,1,-1,1,1,1
613,3,-1,1,1,1
614,4,-1,1,1,1
615,-1,-1,-1,1,1
616,4,-1,-1,1,1
617,1,1,1,1,-1
618,3,-1,1,1,-1
619,1,1,1,1,-1
620,1,-1,1,1,1
621,3,-1,1,1,1
622,1,-1,-1,1,1
623,1,-1,1,1,-1
624,4,-1,1,1,1
625,-1,-1,-1,-1,-1
626,3,1,1,1,-1
627,1,-1,1,1,1
628,4,-1,1,1,1
629,-1,-1,1,1,1
630,-1,-1,1,1,1
631,4,-1,-1,1,1
632,2,-1,1,1,-1
633,2,1,1,1,-1
634,2,-1,1,1,-1
635,-1,-1,1,-1,1
636,1,-1,1,1,1
637,-1,-1,1,1,1
638,-1,-1,-1,-1,-1
639,-1,-1,-1,-1,-1
640,1,-1,1,1,-1
641,-1,-1,-1,-1,1
642,1,-1,1,1,1
643,4,-1,1,1,1
644,4,-1,1,1,1
645,4,1,-1,1,1
646,1,1,1,1,-1
647,1,-1,1,1,-1
648,2,1,1,1,-1
649,4,-1,-1,1,1
650,-1,-1,-1,-1,-1
651,4,-1,-1,1,1
652,3,-1,1,-1,1
653,-1,-1,1,-1,1
654,3,1,1,1,-1
655,5,-1,1,-1,-1
656,1,-1,1,1,1
657,5,-1,1,-1,-1
658,3,-1,-1,1,1
659,-1,-1,1,1,1
660,4,-1,1,1,1
661,3,1,1,1,-1
662,1,-1,1,1,-1
663,-1,-1,-1,-1,-1
664,4,-1,1,1,-1
665,-1,-1,1,-1,1
666,2,-1,1,1,-1
667,4,1,1,1,-1
668,4,-1,1,1,1
669,-1,-1,-1,-1,-1
670,2,-1,1,1,-1
671,5,-1,1,-1,-1
672,2,-1,1,1,-1
673,4,-1,-1,1,1
674,3,-1,1,1,-1
675,4,-1,1,1,1
676,4,-1,-1,1,1
677,1,1,1,1,-1
678,5,1,1,-1,-1
679,4,-1,1,1,-1
680,-1,-1,1,1,1
681,3,1,1,1,-1
682,5,-1,1,-1,-1
683,5,-1,1,-1,-1
684,3,-1,1,1,-1
685,3,-1,1,1,1
686,3,1,-1,1,1
687,1,-1,1,-1,1
688,5,1,1,-1,-1
689,4,-1,-1,1,1
690,4,-1,1,1,1
691,3,-1,1,1,-1
692,-1,-1,-1,-1,-1
693,1,-1,-1,1,1
694,2,-1,1,1,-1
695,-1,-1,-1,-1,-1
696,1,-1,1,1,1
697,2,1,1,1,-1
698,3,1,-1,1,1
699,4,-1,1,1,-1
700,1,1,1,1,-1
701,2,1,1,1,-1
702,1,1,1,1,-1
703,2,1,1,1,-1
704,3,-1,-1,1,1
705,-1,-1,-1,-1,1
706,4,-1,1,1,1
707,2,-1,1,1,-1
708,4,-1,1,1,1
709,-1,-1,1,1,1
710,-1,-1,-1,1,1
711,-1,-1,-1,-1,-1
712,5,1,1,-1,-1
713,1,-1,1,1,-1
714,-1,-1,-1,-1,-1
715,1,-1,1,1,-1
716,1,-1,1,-1,1
717,5,-1,1,-1,-1
718,-1,-1,-1,-1,-1
719,3,1,1,-1,1
720,1,-1,1,1,-1
721,1,-1,1,1,-1
722,1,1,1,1,-1
723,5,1,1,-1,-1
724,4,-1,1,1,1
725,1,-1,1,1,-1
726,3,-1,1,1,-1
727,0,-1,-1,-1,1
728,-1,-1,-1,-1,-1
729,3,-1,1,1,-1
730,1,1,1,1,-1
731,-1,-1,-1,-1,-1
732,-1,-1,-1,1,1
733,-1,-1,1,-1,1
734,3,-1,1,1,-1
735,-1,-1,1,1,1
736,-1,-1,-1,1,1
737,1,1,1,1,-1
738,5,1,1,-1,-1
739,3,-1,-1,1,1
740,2,-1,1,1,-1
741,-1,-1,-1,-1,-1
742,2,1,1,1,-1
743,4,-1,1,1,-1
744,3,1,1,1,-1
745,1,1,1,1,-1
746,1,1,1,1,-1
747,3,-1,1,1,-1
748,-1,-1,-1,-1,-1
749,1,-1,1,1,1
750,4,-1,-1,1,1
751,3,-1,1,1,1
752,1,1,1,1,-1
753,3,-1,1,1,1
754,-1,-1,-1,-1,-1
755,2,-1,1,1,-1
756,4,-1,-1,1,1
757,3,-1,1,1,-1
758,5,1,-1,-1,1
759,3,-1,-1,1,1
760,5,1,1,-1,-1
761,5,1,1,-1,-1
762,-1,-1,-1,-1,-1
763,0,-1,-1,-1,1
764,2,1,1,1,-1
765,3,-1,1,1,-1
766,4,-1,1,1,-1
767,3,-1,1,1,1
768,1,-1,1,1,-1
769,4,-1,1,1,-1
770,5,1,1,-1,-1
771,1,1,1,1,-1
772,3,-1,1,1,1
773,3,-1,1,1,1
774,5,-1,1,-1,-1
775,-1,-1,1,1,1
776,5,-1,-1,-1,1
777,1,-1,1,1,-1
778,-1,-1,-1,-1,-1
779,-1,-1,-1,-1,-1
780,2,-1,1,1,-1
781,2,1,1,1,-1
782,3,1,1,1,-1
783,-1,-1,-1,1,1
784,1,-1,1,1,1
785,5,-1,1,-1,-1
786,2,1,1,1,-1
787,-1,-1,-1,1,1
788,1,-1,1,-1,1
789,1,-1,-1,1,1
790,4,-1,-1,1,1
791,1,-1,1,1,1
792,2,-1,1,1,-1
793,4,1,1,1,-1
794,1,1,1,1,-1
795,3,-1,-1,1,1
796,-1,-1,1,1,1
797,4,-1,1,1,-1
798,3,1,1,1,-1
799,2,-1,1,1,-1
800,4,-1,-1,1,1
801,4,-1,1,1,1
802,3,1,1,1,-1
803,-1,-1,1,1,1
804,4,-1,1,1,-1
805,-1,-1,-1,-1,-1
806,-1,1,1,1,1
807,1,-1,1,1,1
808,0,-1,-1,-1,1
809,1,1,1,1,-1
810,1,-1,1,1,-1
811,5,-1,1,-1,-1
812,-1,-1,-1,1,1
813,-1,-1,-1,-1,-1
814,1,-1,-1,1,1
815,4,1,1,1,-1
816,4,-1,1,1,-1
817,-1,-1,1,1,1
818,5,-1,-1,-1,1
819,1,-1,1,1,-1
820,-1,-1,1,1,1
821,-1,-1,-1,-1,-1
822,0,1,-1,1,1
823,1,1,1,1,-1
824,-1,-1,-1,-1,-1
825,3,-1,1,1,-1
826,1,-1,1,1,-1
827,1,-1,1,1,-1
828,1,-1,1,1,-1
829,4,-1,-1,1,1
830,1,1,1,1,-1
831,1,-1,-1,1,1
832,1,1,1,1,-1
833,1,-1,1,1,-1
834,1,1,1,1,-1
835,-1,-1,-1,1,1
836,3,-1,1,1,1
837,1,-1,1,1,1
838,3,-1,1,1,1
839,-1,-1,-1,1,1
840,2,1,1,1,-1
841,4,-1,-1,1,1
842,-1,-1,-1,1,1
843,-1,-1,-1,-1,-1
844,1,-1,1,1,-1
845,2,-1,1,1,-1
846,4,-1,-1,1,1
847,1,1,1,1,-1
848,-1,-1,1,1,1
849,5,1,1,-1,-1
850,3,-1,1,1,1
851,5,-1,1,-1,-1
852,4,1,-1,1,1
853,5,-1,1,-1,-1
854,3,1,1,1,-1
855,3,-1,-1,1,1
856,4,-1,-1,1,1
857,-1,-1,1,1,1
858,1,1,1,1,-1
859,-1,-1,-1,1,1
860,1,1,1,1,-1
861,1,-1,1,1,1
862,-1,-1,-1,-1,-1
863,5,1,1,-1,-1
864,-1,-1,-1,1,1
865,-1,-1,-1,-1,-1
866,3,-1,1,1,1
867,-1,-1,1,-1,1
868,-1,-1,-1,-1,-1
869,4,-1,1,1,1
870,2,-1,1,1,-1
871,5,1,1,-1,-1
872,1,1,1,1,-1
873,1,1,1,1,-1
874,3,-1,1,1,-1
875,-1,-1,-1,-1,-1
876,-1,-1,-1,-1,-1
877,4,-1,1,1,1
878,4,-1,-1,1,1
879,-1,-1,-1,-1,-1
880,4,1,1,1,-1
881,4,-1,1,1,1
882,3,-1,1,1,-1
883,3,-1,1,1,-1
884,1,1,1,1,-1
885,1,-1,1,1,-1
886,1,1,1,1,-1
887,3,1,1,1,-1
888,1,-1,1,1,-1
889,-1,-1,1,-1,1
890,2,1,1,1,-1
891,1,-1,1,1,-1
892,3,-1,-1,1,1
893,-1,-1,-1,-1,-1
894,1,-1,-1,-1,1
895,5,1,1,-1,-1
896,1,-1,1,1,-1
897,-1,1,-1,1,1
898,1,1,1,1,-1
899,3,1,1,1,-1
900,5,-1,1,-1,-1
901,4,-1,1,1,1
902,1,1,1,1,-1
903,3,-1,1,1,-1
904,1,-1,1,1,-1
905,0,-1,1,-1,-1
906,4,-1,1,1,1
907,0,-1,-1,1,1
908,2,-1,1,1,-1
909,1,1,1,1,-1
910,2,1,1,1,-1
911,4,-1,1,1,-1
912,1,-1,-1,1,1
913,5,1,1,-1,-1
914,4,-1,1,1,-1
915,-1,-1,-1,-1,-1
916,2,-1,1,1,-1
917,3,-1,1,1,1
918,1,1,1,1,-1
919,3,-1,1,1,1
920,1,1,1,1,-1
921,2,-1,1,1,-1
922,3,1,1,1,-1
923,1,1,1,1,-1
924,4,-1,1,1,1
925,1,1,1,1,-1
926,-1,-1,1,1,1
927,3,-1,-1,1,1
928,2,-1,1,1,-1
929,-1,-1,-1,1,1
930,4,1,1,1,-1
931,-1,-1,-1,-1,-1
932,1,-1,-1,-1,1
933,5,-1,1,-1,-1
934,2,1,1,1,-1
935,0,1,1,-1,-1
936,4,-1,-1,1,1
937,4,1,1,-1,1
938,-1,-1,-1,1,1
939,-1,-1,-1,-1,-1
940,5,1,1,-1,-1
941,2,1,1,1,-1
942,3,-1,-1,1,1
943,5,-1,1,-1,-1
944,5,1,1,-1,-1
945,4,-1,-1,1,1
946,4,1,1,1,-1
947,5,-1,1,-1,-1
948,-1,-1,1,-1,1
949,5,1,1,-1,-1
950,0,-1,1,1,1
951,4,-1,-1,1,1
952,-1,-1,-1,-1,-1
953,3,1,1,1,-1
954,3,-1,1,1,-1
955,2,1,1,1,-1
956,2,1,1,1,-1
957,2,-1,1,1,-1
958,3,-1,1,1,-1
959,4,-1,-1,1,1
960,-1,-1,-1,1,1
961,1,-1,1,1,1
962,3,-1,1,1,-1
963,-1,-1,-1,-1,1
964,4,-1,1,1,1
965,1,1,1,1,-1
966,-1,-1,1,1,1
967,1,-1,1,1,1
968,-1,1,1,-1,1
969,2,-1,1,1,-1
970,4,-1,-1,1,1
971,3,1,1,1,-1
972,-1,-1,-1,1,1
973,1,-1,-1,1,1
974,3,-1,1,1,1
975,5,1,1,-1,-1
976,1,1,1,1,-1
977,-1,-1,-1,1,1
978,4,-1,-1,1,1
979,4,1,1,1,-1
980,4,-1,1,1,-1
981,2,-1,1,1,-1
982,-1,-1,-1,-1,-1
983,-1,-1,-1,-1,-1
984,4,-1,1,1,-1
985,-1,-1,-1,-1,-1
986,5,-1,1,-1,-1
987,1,-1,1,-1,1
988,5,1,1,-1,-1
989,-1,-1,-1,-1,-1
990,4,-1,1,1,-1
991,4,-1,1,1,1
992,-1,-1,1,-1,1
993,-1,-1,1,1,1
994,4,-1,1,1,-1
995,4,-1,1,1,-1
996,2,1,1,1,-1
997,3,1,1,1,-1
998,1,-1,1,1,-1
999,4,-1,1,1,1
1000,3,-1,1,1,-1
1001,3,-1,1,1,-1
1002,1,1,1,1,-1
1003,3,-1,1,1,-1
1004,1,1,1,1,-1
1005,1,-1,-1,1,1
1006,3,-1,1,1,1
1007,-1,-1,-1,1,1
1008,-1,-1,-1,1,1
1009,5,1,1,-1,-1
1010,5,-1,1,-1,-1
1011,3,-1,-1,1,1
1012,-1,-1,-1,1,1
1013,-1,1,-1,-1,1
1014,4,1,1,1,-1
1015,2,-1,1,1,-1
1016,2,-1,1,1,-1
1017,1,-1,1,1,-1
1018,-1,-1,1,1,1
1019,-1,-1,1,-1,1
1020,1,1,1,1,-1
1021,0,-1,-1,-1,1
1022,4,-1,1,1,1
1023,2,1,1,1,-1
1024,5,-1,1,-1,-1
1025,4,-1,1,-1,1
1026,1,-1,1,-1,1
1027,2,-1,1,1,-1
1028,2,1,1,1,-1
1029,1,-1,1,1,-1
1030,3,-1,1,1,-1
1031,-1,-1,-1,-1,-1
1032,3,1,1,1,-1
1033,5,-1,1,-1,-1
1034,3,1,1,1,-1
1035,3,-1,1,1,-1
1036,-1,-1,-1,-1,-1
1037,1,-1,1,1,-1
1038,3,-1,1,-1,1
1039,3,-1,1,1,1
1040,1,1,1,1,-1
1041,3,-1,1,1,-1
1042,1,-1,1,1,-1
1043,2,1,1,1,-1
1044,-1,-1,1,1,1
1045,4,-1,-1,1,1
1046,1,-1,1,1,-1
1047,2,1,1,1,-1
1048,3,-1,-1,1,1
1049,5,1,1,-1,-1
1050,4,-1,1,1,1
1051,5,1,1,-1,-1
1052,-1,-1,1,1,1
1053,2,-1,1,1,-1
1054,1,-1,1,1,-1
1055,3,1,1,1,-1
1056,-1,-1,-1,1,1
1057,2,-1,1,1,-1
1058,-1,-1,-1,1,1
1059,1,-1,1,1,-1
1060,4,1,1,1,-1
1061,5,1,1,-1,-1
1062,3,-1,1,1,-1
1063,1,-1,1,1,-1
1064,-1,-1,-1,-1,-1
1065,-1,-1,-1,-1,-1
1066,3,-1,1,1,-1
1067,-1,-1,1,-1,1
1068,4,-1,1,-1,1
1069,-1,-1,1,1,1
1070,3,1,1,1,-1
1071,3,-1,1,1,-1
1072,1,-1,1,1,-1
1073,1,-1,1,1,1
1074,1,1,1,1,-1
1075,1,-1,1,1,-1
1076,3,-1,-1,1,1
1077,5,1,-1,-1,1
1078,-1,-1,-1,1,1
1079,4,-1,-1,1,1
1080,-1,-1,-1,-1,-1
1081,2,1,1,1,-1
1082,2,-1,1,1,-1
1083,4,-1,1,1,1
1084,-1,-1,-1,1,1
1085,1,-1,1,1,-1
1086,4,-1,-1,1,1
1087,2,1,1,1,-1
1088,-1,-1,-1,1,1
1089,1,-1,1,-1,1
1090,5,1,1,-1,-1
1091,-1,-1,-1,1,1
1092,2,1,1,1,-1
1093,2,1,1,1,-1
1094,-1,-1,-1,-1,-1
1095,2,1,1,1,-1
1096,1,-1,1,1,1
1097,1,-1,1,1,-1
1098,4,1,-1,1,1
1099,4,-1,1,1,1
1100,-1,-1,-1,-1,-1
1101,-1,-1,-1,1,1
1102,3,1,1,1,-1
1103,-1,-1,1,1,1
1104,1,-1,1,1,-1
1105,-1,-1,-1,1,1
1106,4,1,1,1,-1
1107,4,1,1,1,-1
1108,2,-1,1,1,-1
1109,3,-1,1,-1,1
1110,3,-1,1,1,1
1111,4,-1,-1,-1,1
1112,1,1,1,1,-1
1113,1,-1,1,1,-1
1114,-1,-1,-1,-1,-1
1115,4,1,1,1,-1
1116,3,-1,-1,1,1
1117,5,-1,1,-1,-1
1118,5,-1,1,-1,-1
1119,4,1,1,1,-1
1120,1,1,1,1,-1
1121,5,-1,1,-1,-1
1122,3,-1,-1,1,1
1123,5,-1,1,-1,-1
1124,-1,-1,-1,-1,-1
1125,1,-1,1,1,-1
1126,5,1,1,-1,-1
1127,3,-1,1,1,1
1128,4,-1,1,1,1
1129,3,1,1,1,-1
1130,3,1,1,1,-1
1131,-1,-1,1,-1,1
1132,3,-1,-1,1,1
1133,-1,-1,-1,-1,-1
1134,3,-1,-1,1,1
1135,-1,-1,-1,-1,-1
1136,1,1,1,1,-1
1137,4,-1,1,1,1
1138,3,1,1,1,-1
1139,3,1,1,1,-1
1140,-1,-1,-1,-1,-1
1141,4,1,1,1,1
1142,4,-1,1,1,1
1143,2,1,1,1,-1
1144,1,1,1,1,-1
1145,-1,-1,-1,-1,1
1146,-1,-1,-1,1,1
1147,-1,-1,-1,-1,-1
1148,-1,-1,-1,-1,-1
1149,-1,-1,-1,-1,-1
1150,3,1,1,1,-1
1151,1,1,1,1,-1
1152,1,1,1,1,-1
1153,1,-1,1,1,-1
1154,1,1,1,1,-1
1155,1,-1,1,1,-1
1156,-1,-1,1,1,1
1157,-1,-1,-1,-1,1
1158,5,-1,1,-1,-1
1159,4,-1,1,1,-1
1160,3,-1,-1,1,1
1161,1,-1,1,1,-1
1162,1,-1,-1,1,1
1163,1,-1,1,-1,1
1164,-1,-1,-1,-1,-1
1165,1,1,1,1,-1
1166,1,-1,1,1,-1
1167,-1,-1,-1,-1,-1
1168,2,1,1,1,-1
1169,3,1,1,1,-1
1170,-1,-1,-1,1,1
1171,2,1,1,1,-1
1172,2,1,1,1,-1
1173,4,-1,1,1,1
1174,-1,-1,1,1,1
1175,-1,-1,1,1,1
1176,3,1,1,1,-1
1177,2,1,1,1,-1
1178,1,-1,1,-1,1
1179,5,-1,-1,-1,1
1180,4,1,1,1,-1
1181,1,1,1,1,-1
1182,1,-1,1,1,1
1183,-1,-1,-1,-1,-1
1184,2,-1,1,1,-1
1185,-1,-1,-1,1,1
1186,3,1,1,1,-1
1187,4,1,1,1,-1
1188,2,-1,1,1,-1
1189,3,-1,1,1,-1
1190,5,-1,1,-1,-1
1191,2,-1,1,1,-1
1192,1,1,1,1,-1
1193,4,1,1,1,-1
1194,4,-1,1,1,1
1195,5,1,1,-1,-1
1196,-1,-1,1,1,1
1197,1,1,1,1,-1
1198,3,-1,1,1,1
1199,4,-1,-1,1,1
1200,3,-1,1,1,1
1201,-1,-1,-1,-1,1
1202,4,-1,-1,1,1
1203,5,1,1,-1,-1
1204,3,-1,-1,1,1
1205,-1,-1,-1,-1,-1
1206,-1,-1,-1,-1,1
1207,2,-1,1,1,-1
1208,1,1,1,1,-1
1209,5,-1,1,-1,-1
1210,4,-1,1,-1,1
1211,0,1,-1,1,1
1212,1,-1,1,1,-1
1213,3,-1,-1,1,1
1214,2,-1,1,1,-1
1215,0,1,1,-1,-1
1216,4,-1,-1,1,1
1217,1,-1,1,-1,1
1218,4,-1,1,-1,1
1219,3,1,1,1,-1
1220,1,-1,-1,1,1
1221,4,1,1,1,-1
1222,-1,-1,-1,-1,-1
1223,1,-1,1,1,-1
1224,2,-1,1,1,-1
1225,1,-1,1,-1,1
1226,3,1,1,-1,1
1227,2,1,1,1,-1
1228,2,-1,1,1,-1
1229,-1,-1,-1,-1,-1
1230,4,-1,-1,1,1
1231,3,1,1,1,-1
1232,1,-1,1,1,-1
1233,1,1,1,1,-1
1234,2,1,1,1,-1
1235,-1,-1,-1,-1,-1
1236,-1,-1,1,1,1
1237,-1,-1,-1,-1,-1
1238,5,-1,-1,-1,1
1239,-1,-1,-1,-1,-1
1240,0,-1,-1,1,1
1241,2,1,1,1,-1
1242,3,-1,1,1,-1
1243,4,-1,-1,1,1
1244,4,-1,-1,1,1
1245,4,-1,-1,1,1
1246,-1,-1,1,-1,1
1247,-1,-1,1,1,1
1248,-1,-1,-1,-1,-1
1249,3,1,1,1,-1
1250,3,-1,1,1,1
1251,5,-1,1,-1,-1
1252,1,1,1,1,-1
1253,1,-1,1,-1,1
1254,3,1,-1,1,1
1255,2,-1,1,1,-1
1256,2,-1,1,1,-1
1257,5,-1,1,-1,-1
1258,-1,-1,-1,1,1
1259,-1,-1,1,1,1
1260,2,1,1,1,-1
1261,5,1,1,-1,-1
1262,3,-1,1,1,-1
1263,1,-1,-1,1,1
1264,5,-1,1,-1,-1
1265,3,-1,1,1,-1
1266,-1,1,-1,1,1
1267,5,-1,-1,-1,1
1268,3,1,1,1,-1
1269,3,-1,-1,1,1
1270,5,-1,1,-1,-1
1271,3,-1,1,1,-1
1272,4,-1,1,1,-1
1273,3,1,1,1,-1
1274,3,-1,1,1,-1
1275,-1,-1,1,1,1
1276,1,1,1,1,-1
1277,4,-1,1,1,1
1278,1,-1,1,1,-1
1279,4,-1,1,-1,1
1280,-1,-1,1,1,1
1281,3,-1,-1,-1,1
1282,3,-1,-1,1,1
1283,2,1,1,1,-1
1284,5,1,1,-1,-1
1285,-1,-1,-1,-1,-1
1286,4,-1,-1,1,1
1287,1,1,1,1,-1
1288,-1,-1,-1,1,1
1289,1,-1,1,1,1
1290,4,-1,1,1,-1
1291,4,1,1,1,-1
1292,2,1,1,1,-1
1293,3,-1,-1,-1,1
1294,1,-1,1,1,-1
1295,-1,-1,1,1,1
1296,-1,-1,1,1,1
1297,5,1,1,-1,1
1298,2,1,1,1,-1
1299,1,1,1,1,-1
1300,-1,-1,-1,-1,-1
1301,3,-1,1,1,1
1302,-1,-1,1,-1,1
1303,1,-1,1,1,-1
1304,3,1,1,1,-1
1305,1,-1,1,1,-1
1306,3,-1,-1,1,1
1307,5,-1,1,-1,-1
1308,3,1,1,1,-1
1309,4,1,1,1,-1
1310,5,1,1,-1,-1
1311,1,-1,1,1,1
1312,-1,-1,-1,-1,-1
1313,-1,-1,-1,1,1
1314,3,-1,-1,1,1
1315,1,-1,1,-1,1
1316,1,1,1,1,-1
1317,4,1,1,1,-1
1318,-1,-1,-1,-1,-1
1319,-1,-1,-1,-1,-1
1320,3,-1,1,1,1
1321,1,1,1,1,-1
1322,5,-1,1,-1,-1
1323,3,-1,1,1,1
1324,1,-1,1,1,-1
1325,-1,-1,1,1,1
1326,3,1,1,1,-1
1327,-1,-1,-1,1,1
1328,5,-1,1,-1,-1
1329,1,1,1,1,-1
1330,0,-1,1,-1,-1
1331,1,1,1,1,-1
1332,3,1,1,1,-1
1333,3,-1,1,1,-1
1334,5,1,1,-1,-1
1335,-1,-1,-1,-1,-1
1336,-1,-1,-1,-1,-1
1337,-1,-1,-1,-1,-1
1338,-1,-1,-1,-1,-1
1339,4,-1,1,1,1
1340,-1,-1,1,1,1
1341,1,1,1,1,-1
1342,3,-1,1,1,1
1343,-1,-1,-1,1,1
1344,4,-1,-1,1,1
1345,-1,-1,-1,-1,-1
1346,3,-1,1,1,1
1347,1,-1,1,1,1
1348,2,-1,1,1,-1
1349,1,-1,1,1,-1
1350,1,-1,1,1,-1
1351,4,-1,1,1,1
1352,2,-1,1,1,-1
1353,5,-1,1,-1,-1
1354,-1,-1,1,1,1
1355,3,-1,1,1,-1
1356,1,-1,1,1,-1
1357,4,-1,-1,1,1
1358,5,1,1,-1,-1
1359,4,-1,1,1,-1
1360,4,-1,-1,1,1
1361,4,-1,1,1,1
1362,4,1,1,1,-1
1363,1,-1,1,1,1
1364,5,-1,1,-1,-1
1365,1,-1,1,1,-1
1366,3,1,1,1,-1
1367,4,-1,1,1,1
1368,-1,-1,-1,1,1
1369,2,-1,1,1,-1
1370,-1,-1,-1,-1,-1
1371,4,-1,1,1,-1
1372,-1,-1,1,1,1
1373,1,-1,1,1,-1
1374,5,-1,1,-1,-1
1375,5,-1,1,-1,1
1376,3,1,1,1,-1
1377,2,1,1,1,-1
1378,2,1,1,1,-1
1379,-1,-1,1,-1,1
1380,1,1,1,1,-1
1381,-1,-1,-1,-1,-1
1382,1,-1,1,-1,1
1383,1,1,1,1,-1
1384,3,-1,-1,1,1
1385,2,-1,1,1,-1
1386,3,1,1,1,-1
1387,3,1,1,1,-1
1388,-1,-1,1,1,1
1389,5,-1,1,-1,-1
1390,4,-1,1,1,-1
1391,1,1,1,1,-1
1392,4,-1,-1,1,1
1393,-1,-1,-1,-1,-1
1394,1,1,1,1,-1
1395,3,-1,-1,1,1
1396,4,-1,1,1,1
1397,4,-1,-1,1,1
1398,5,-1,1,-1,-1
1399,5,-1,1,-1,-1
1400,-1,-1,-1,-1,-1
1401,4,-1,-1,1,1
1402,2,1,1,1,-1
1403,-1,-1,-1,-1,-1
1404,5,1,1,-1,-1
1405,3,1,1,1,-1
1406,1,1,1,1,-1
1407,-1,1,-1,-1,1
1408,4,-1,1,1,-1
1409,4,1,1,1,-1
1410,5,1,1,-1,-1
1411,2,1,1,1,-1
1412,1,1,1,1,-1
1413,2,-1,1,1,-1
1414,4,-1,-1,1,1
1415,2,-1,1,1,-1
1416,5,-1,1,-1,-1
1417,1,-1,1,1,-1
1418,3,1,1,1,-1
1419,4,-1,-1,1,1
1420,-1,-1,1,1,1
1421,-1,-1,-1,-1,-1
1422,5,1,1,-1,-1
1423,1,1,1,1,-1
1424,1,1,1,1,-1
1425,2,1,1,1,-1
1426,4,1,-1,1,1
1427,-1,-1,-1,1,1
1428,3,-1,1,1,-1
1429,3,1,1,1,-1
1430,3,1,1,1,-1
1431,4,-1,1,1,1
1432,3,1,1,1,-1
1433,-1,-1,1,1,1
1434,2,-1,1,1,-1
1435,1,1,1,1,-1
1436,3,-1,1,1,-1
1437,1,-1,-1,1,1
1438,3,-1,1,1,1
1439,1,-1,1,1,-1
1440,3,1,1,1,1
1441,1,1,1,1,-1
1442,3,1,1,1,-1
1443,3,-1,1,1,1
1444,5,-1,-1,-1,1
1445,4,-1,1,1,-1
1446,2,-1,1,1,-1
1447,4,1,1,1,-1
1448,3,-1,1,1,-1
1449,3,1,1,1,-1
1450,3,-1,1,1,1
1451,-1,-1,-1,-1,-1
1452,1,-1,1,1,-1
1453,1,-1,1,1,1
1454,1,1,1,1,-1
1455,2,-1,1,1,-1
1456,4,-1,1,1,1
1457,4,1,1,1,-1
1458,3,-1,1,1,-1
1459,4,-1,1,1,-1
1460,5,1,1,-1,-1
1461,1,-1,1,1,-1
1462,-1,-1,-1,1,1
1463,2,1,1,1,-1
1464,3,1,1,1,-1
1465,5,1,1,-1,-1
1466,1,1,1,1,-1
1467,2,-1,1,1,-1
1468,-1,-1,1,-1,1
1469,1,-1,1,1,-1
1470,2,1,1,1,-1
1471,3,-1,1,1,1
1472,4,-1,1,1,1
1473,1,1,1,1,-1
1474,1,1,1,1,-1
1475,1,-1,1,1,1
1476,4,1,1,1,-1
1477,5,1,1,-1,-1
1478,-1,-1,1,-1,1
1479,2,-1,1,1,-1
1480,2,1,1,1,-1
1481,-1,-1,-1,1,1
1482,-1,-1,-1,-1,1
1483,-1,-1,-1,-1,1
1484,1,1,1,1,-1
1485,3,-1,-1,1,1
1486,1,-1,1,1,-1
1487,3,-1,-1,1,1
1488,2,-1,1,1,-1
1489,4,1,-1,1,1
1490,4,-1,-1,1,1
1491,4,-1,-1,1,1
1492,4,-1,-1,1,1
1493,5,1,1,-1,-1
1494,1,-1,-1,-1,1
1495,3,-1,-1,1,1
1496,4,-1,1,1,1
1497,1,-1,-1,1,1
1498,-1,-1,-1,1,1
1499,1,1,1,1,-1
1500,-1,-1,-1,-1,1
1501,3,1,1,1,-1
1502,-1,-1,-1,1,1
1503,5,-1,1,-1,-1
1504,3,-1,1,1,-1
1505,2,-1,1,1,-1
1506,-1,-1,-1,-1,-1
1507,3,1,1,1,-1
1508,-1,-1,-1,-1,-1
1509,1,1,1,1,-1
1510,-1,-1,1,-1,1
1511,2,-1,1,1,-1
1512,2,1,1,1,-1
1513,1,-1,1,1,1
1514,-1,-1,-1,1,1
1515,5,1,1,-1,-1
1516,1,1,1,1,-1
1517,4,1,1,1,-1
1518,1,-1,1,1,1
1519,2,-1,1,1,-1
1520,3,-1,1,1,-1
1521,-1,-1,1,1,1
1522,5,1,1,-1,-1
1523,4,1,1,1,-1
1524,1,-1,1,1,-1
1525,4,-1,1,1,1
1526,3,-1,1,-1,1
1527,3,1,1,1,-1
1528,1,1,1,1,-1
1529,-1,-1,-1,-1,-1
1530,-1,-1,-1,-1,-1
1531,-1,-1,-1,1,1
1532,3,-1,1,1,-1
1533,-1,-1,-1,-1,-1
1534,5,-1,1,-1,-1
1535,4,-1,-1,1,1
1536,3,-1,-1,1,1
1537,4,1,-1,-1,1
1538,1,-1,1,1,1
1539,-1,-1,-1,-1,-1
1540,3,-1,-1,1,1
1541,4,-1,-1,-1,1
1542,-1,-1,1,1,1
1543,2,1,1,1,-1
1544,5,-1,1,-1,1
1545,-1,-1,-1,-1,-1
1546,-1,-1,-1,-1,-1
1547,4,-1,-1,1,1
1548,2,1,1,1,-1
1549,3,-1,1,1,1
1550,3,-1,1,1,-1
1551,1,-1,1,1,-1
1552,4,1,1,1,-1
1553,4,-1,1,1,1
1554,1,1,1,1,-1
1555,-1,-1,1,1,1
1556,3,-1,-1,1,1
1557,1,-1,1,1,1
1558,3,-1,-1,1,1
1559,4,1,1,1,1
1560,4,-1,-1,1,1
1561,3,-1,1,1,-1
1562,-1,-1,1,-1,1
1563,3,-1,1,1,-1
1564,1,-1,1,1,-1
1565,-1,-1,-1,1,1
1566,3,-1,-1,1,1
1567,5,1,1,-1,1
1568,-1,-1,-1,-1,-1
1569,-1,-1,1,-1,1
1570,-1,-1,-1,1,1
1571,-1,-1,1,1,1
1572,-1,-1,-1,-1,-1
1573,5,-1,1,-1,1
1574,2,-1,1,1,-1
1575,5,-1,1,-1,1
1576,4,-1,1,1,-1
1577,1,1,1,1,-1
1578,-1,-1,-1,1,1
1579,1,1,1,1,-1
1580,-1,-1,-1,-1,-1
1581,-1,-1,-1,1,1
1582,2,1,1,1,-1
1583,-1,-1,1,1,1
1584,1,-1,1,1,-1
1585,-1,-1,1,1,1
1586,3,-1,1,1,1
1587,-1,-1,1,-1,1
1588,4,-1,-1,1,1
1589,1,1,1,1,-1
1590,2,1,1,1,-1
1591,3,-1,1,1,1
1592,1,1,1,1,-1
1593,2,1,1,1,-1
1594,1,1,1,1,-1
1595,1,-1,-1,1,1
1596,-1,-1,-1,-1,1
1597,2,-1,1,1,-1
1598,3,1,1,1,-1
1599,5,1,1,-1,-1
1600,4,-1,1,-1,1
1601,1,-1,1,-1,1
1602,-1,-1,1,1,1
1603,-1,-1,-1,-1,-1
1604,4,-1,1,1,1
1605,0,-1,-1,1,1
1606,5,-1,1,-1,-1
1607,3,-1,1,1,-1
1608,4,-1,1,1,1
1609,5,-1,1,-1,-1
1610,0,-1,1,-1,-1
1611,2,1,1,1,-1
1612,3,-1,1,1,1
1613,-1,-1,-1,-1,-1
1614,1,1,1,1,-1
1615,2,1,1,1,-1
1616,5,-1,1,-1,-1
1617,5,1,1,-1,-1
1618,5,-1,1,-1,-1
1619,2,1,1,1,-1
1620,2,-1,1,1,-1
1621,-1,-1,1,1,1
1622,3,-1,-1,1,1
1623,4,-1,1,1,1
1624,3,-1,1,1,1
1625,-1,-1,1,1,1
1626,-1,-1,-1,-1,-1
1627,0,-1,1,1,1
1628,5,-1,-1,-1,1
1629,-1,-1,-1,-1,-1
1630,3,-1,1,1,-1
1631,-1,-1,1,1,1
1632,-1,-1,-1,1,1
1633,3,-1,1,1,-1
1634,3,-1,1,1,1
1635,2,1,1,1,-1
1636,1,-1,1,1,1
1637,1,-1,1,1,1
1638,1,1,1,1,-1
1639,4,-1,1,1,-1
1640,1,-1,-1,1,1
1641,4,-1,-1,1,1
1642,2,1,1,1,-1
1643,1,-1,1,1,-1
1644,3,-1,-1,-1,1
1645,-1,-1,-1,-1,-1
1646,5,1,1,-1,-1
1647,5,-1,-1,-1,1
1648,1,-1,1,1,-1
1649,-1,-1,-1,-1,-1
1650,1,-1,1,1,-1
1651,2,-1,1,1,-1
1652,1,-1,1,1,-1
1653,5,-1,-1,-1,1
1654,1,-1,-1,1,1
1655,-1,-1,-1,1,1
1656,4,-1,1,1,1
1657,4,1,1,1,-1
1658,4,-1,-1,-1,1
1659,5,1,1,-1,-1
1660,4,-1,-1,1,1
1661,1,1,1,1,-1
1662,1,-1,1,1,-1
1663,2,-1,1,1,-1
1664,5,-1,1,-1,1
1665,1,1,1,1,-1
1666,1,-1,1,1,-1
1667,3,-1,1,1,1
1668,1,-1,1,1,-1
1669,2,1,1,1,-1
1670,3,-1,1,1,-1
1671,-1,-1,-1,-1,-1
1672,3,1,1,1,-1
1673,1,1,1,1,-1
1674,5,-1,1,-1,-1
1675,1,-1,-1,1,1
1676,3,1,1,1,-1
1677,1,-1,1,1,1
1678,1,-1,1,1,-1
1679,4,-1,1,1,-1
1680,4,-1,1,1,1
1681,1,1,1,1,-1
1682,-1,-1,-1,-1,-1
1683,2,1,1,1,-1
1684,1,1,1,1,-1
1685,5,-1,1,-1,-1
1686,4,-1,1,-1,1
1687,3,-1,1,1,-1
1688,4,-1,1,1,-1
1689,4,1,1,1,-1
1690,3,-1,-1,1,1
1691,3,-1,1,1,-1
1692,5,-1,1,-1,-1
1693,3,-1,1,1,1
1694,1,-1,1,-1,1
1695,4,-1,1,1,1
1696,5,1,-1,-1,1
1697,3,1,1,1,-1
1698,3,-1,-1,1,1
1699,3,-1,1,1,-1
1700,4,1,1,1,-1
1701,-1,-1,1,1,1
1702,-1,-1,-1,-1,-1
1703,3,-1,1,1,-1
1704,3,-1,-1,1,1
1705,3,-1,-1,1,1
1706,-1,1,-1,1,1
1707,-1,-1,-1,1,1
1708,1,1,1,1,-1
1709,1,1,1,1,-1
1710,2,1,1,1,-1
1711,5,1,1,-1,-1
1712,4,-1,-1,1,1
1713,2,-1,1,1,-1
1714,4,-1,1,1,1
1715,1,-1,1,1,-1
1716,-1,-1,-1,-1,-1
1717,4,-1,1,1,1
1718,-1,-1,1,-1,1
1719,5,-1,-1,-1,1
1720,3,-1,1,1,1
1721,1,1,1,1,-1
1722,-1,-1,-1,1,1
1723,-1,-1,-1,-1,-1
1724,3,-1,1,-1,1
1725,4,-1,1,1,1
1726,2,-1,1,1,-1
1727,4,-1,1,1,1
1728,-1,-1,-1,1,1
1729,-1,-1,-1,-1,-1
1730,3,1,1,1,-1
1731,2,-1,1,1,-1
1732,1,-1,1,1,-1
1733,1,-1,1,1,-1
1734,1,-1,1,1,-1
1735,1,-1,1,-1,1
1736,-1,-1,1,1,1
1737,3,1,1,1,-1
1738,-1,-1,-1,-1,-1
1739,5,1,1,-1,-1
1740,3,1,1,1,-1
1741,-1,-1,-1,1,1
1742,3,-1,1,1,-1
1743,2,-1,1,1,-1
1744,-1,-1,1,1,1
1745,4,-1,-1,-1,1
1746,-1,-1,-1,1,1
1747,3,-1,1,1,1
1748,1,1,1,1,-1
1749,3,-1,1,1,-1
1750,3,-1,-1,1,1
1751,1,1,1,1,-1
1752,1,1,1,1,-1
1753,-1,1,-1,-1,1
1754,-1,-1,-1,1,1
1755,3,-1,-1,1,1
1756,3,1,1,1,-1
1757,3,-1,1,1,1
1758,-1,-1,-1,1,1
1759,4,1,1,1,-1
1760,1,1,1,1,-1
1761,1,1,1,1,-1
1762,3,-1,1,1,-1
1763,3,-1,1,1,1
1764,3,-1,1,1,-1
1765,4,-1,1,1,1
1766,2,-1,1,1,-1
1767,4,-1,-1,-1,1
1768,2,-1,1,1,-1
1769,4,-1,-1,1,1
1770,2,1,1,1,-1
1771,5,-1,1,-1,-1
1772,1,1,1,1,-1
1773,1,1,1,1,-1
1774,4,-1,1,1,1
1775,0,-1,1,1,1
1776,3,1,1,1,-1
1777,4,1,1,1,-1
1778,-1,-1,1,1,1
1779,2,1,1,1,-1
1780,3,-1,1,1,1
1781,-1,-1,1,1,1
1782,3,-1,-1,1,1
1783,-1,-1,-1,-1,-1
1784,1,-1,1,-1,1
1785,4,-1,1,-1,1
1786,2,-1,1,1,-1
1787,4,1,1,1,-1
1788,3,1,1,1,-1
1789,3,-1,1,1,1
1790,-1,1,1,-1,1
1791,-1,-1,1,1,1
1792,-1,-1,-1,-1,-1
1793,3,-1,1,1,1
1794,4,-1,1,1,-1
1795,3,-1,1,1,-1
1796,1,-1,1,1,-1
1797,-1,-1,-1,-1,1
1798,2,1,1,1,-1
1799,4,-1,1,1,1
1800,3,-1,-1,1,1
1801,-1,-1,1,1,1
1802,1,-1,-1,1,1
1803,-1,-1,1,1,1
1804,2,-1,1,1,-1
1805,4,-1,1,1,1
1806,5,-1,1,-1,-1
1807,1,-1,1,1,1
1808,5,1,1,-1,-1
1809,3,-1,1,-1,1
1810,-1,-1,-1,1,1
1811,-1,-1,-1,-1,-1
1812,-1,-1,-1,1,1
1813,1,1,1,1,-1
1814,4,-1,-1,1,1
1815,-1,-1,-1,-1,-1
1816,2,-1,1,1,-1
1817,1,-1,1,-1,1
1818,-1,-1,-1,1,1
1819,1,1,1,1,-1
1820,3,-1,1,1,1
1821,4,-1,1,1,-1
1822,3,-1,-1,1,1
1823,-1,-1,1,-1,1
1824,2,1,1,1,-1
1825,3,1,1,1,-1
1826,-1,-1,-1,1,1
1827,4,-1,1,1,-1
1828,-1,-1,-1,1,1
1829,2,-1,1,1,-1
1830,1,1,1,1,-1
1831,1,-1,1,1,-1
1832,5,-1,1,-1,1
1833,3,1,1,1,-1
1834,5,-1,1,-1,-1
1835,3,-1,-1,1,1
1836,2,-1,1,1,-1
1837,-1,-1,1,-1,1
1838,3,-1,1,1,-1
1839,-1,-1,-1,1,1
1840,3,-1,1,1,1
1841,3,-1,-1,1,1
1842,2,-1,1,1,-1
1843,2,1,1,1,-1
1844,2,1,1,1,-1
1845,3,1,1,1,-1
1846,0,-1,1,-1,1
1847,2,-1,1,1,-1
1848,1,-1,1,1,1
1849,1,-1,1,1,-1
1850,5,1,1,-1,-1
1851,3,-1,-1,1,1
1852,-1,-1,1,1,1
1853,-1,-1,1,-1,1
1854,4,1,1,1,-1
1855,-1,-1,-1,-1,1
1856,-1,-1,1,1,1
1857,4,-1,1,1,1
1858,3,1,1,1,-1
1859,4,-1,-1,1,1
1860,5,-1,-1,-1,1
1861,4,-1,1,-1,1
1862,3,-1,1,1,-1
1863,1,-1,1,1,-1
1864,5,1,1,-1,1
1865,5,-1,1,-1,-1
1866,3,1,1,1,-1
1867,3,-1,1,1,-1
1868,-1,-1,1,1,1
1869,2,1,1,1,-1
1870,4,-1,1,1,1
1871,3,1,1,1,-1
1872,1,-1,1,1,1
1873,-1,-1,-1,-1,-1
1874,2,1,1,1,-1
1875,5,-1,1,-1,-1
1876,5,-1,-1,-1,1
1877,1,-1,-1,1,1
1878,4,-1,1,1,-1
1879,1,1,1,1,-1
1880,4,-1,1,1,1
1881,2,1,1,1,-1
1882,3,1,1,1,-1
1883,3,1,1,1,-1
1884,3,1,1,1,-1
1885,4,1,1,1,-1
1886,2,-1,1,1,-1
1887,-1,-1,1,1,1
1888,5,-1,-1,-1,1
1889,-1,1,-1,-1,1
1890,1,-1,1,1,-1
1891,4,-1,1,1,-1
1892,2,-1,1,1,-1
1893,4,-1,1,1,1
1894,3,-1,-1,1,1
1895,2,-1,1,1,-1
1896,1,1,1,1,-1
1897,3,1,1,1,-1
1898,-1,-1,1,1,1
1899,1,-1,1,1,1
1900,3,1,1,1,-1
1901,4,-1,1,1,1
1902,3,-1,1,1,-1
1903,-1,-1,-1,-1,-1
1904,3,-1,1,1,-1
1905,1,-1,1,1,-1
1906,1,-1,1,1,-1
1907,5,1,1,-1,-1
1908,-1,-1,1,1,1
1909,-1,-1,-1,-1,-1
1910,-1,1,-1,1,1
1911,2,-1,1,1,-1
1912,1,-1,1,1,1
1913,-1,-1,-1,-1,-1
1914,4,-1,1,1,1
1915,0,1,-1,-1,1
1916,1,-1,-1,1,1
1917,1,1,1,1,-1
1918,3,-1,-1,1,1
1919,1,-1,1,1,-1
1920,2,-1,1,1,-1
1921,5,-1,1,-1,-1
1922,5,1,1,-1,-1
1923,2,-1,1,1,-1
1924,-1,-1,-1,1,1
1925,3,-1,1,1,-1
1926,2,1,1,1,-1
1927,-1,-1,1,1,1
1928,3,-1,-1,-1,1
1929,3,-1,1,1,-1
1930,2,-1,1,1,-1
1931,5,-1,1,-1,-1
1932,1,-1,1,1,-1
1933,-1,-1,-1,-1,-1
1934,-1,-1,1,1,1
1935,-1,-1,-1,-1,-1
1936,1,1,1,1,-1
1937,3,-1,1,1,-1
1938,2,-1,1,1,-1
1939,2,-1,1,1,-1
1940,5,-1,1,-1,-1
1941,5,-1,1,-1,-1
1942,2,-1,1,1,-1
1943,1,-1,-1,1,1
1944,1,-1,1,1,-1
1945,3,-1,1,1,-1
1946,5,-1,1,-1,-1
1947,4,-1,-1,1,1
1948,2,1,1,1,-1
1949,4,-1,-1,-1,1
1950,4,-1,1,1,-1
1951,1,-1,1,1,-1
1952,2,1,1,1,-1
1953,3,-1,1,1,1
1954,-1,-1,-1,-1,1
1955,-1,-1,-1,-1,-1
1956,-1,-1,1,1,1
1957,3,-1,1,1,-1
1958,1,-1,1,1,-1
1959,4,-1,1,1,1
1960,1,-1,1,1,-1
1961,3,-1,1,1,-1
1962,5,-1,1,-1,-1
1963,2,-1,1,1,-1
1964,3,-1,1,1,-1
1965,-1,-1,-1,-1,-1
1966,-1,-1,-1,-1,-1
1967,3,-1,1,1,1
1968,2,-1,1,1,-1
1969,4,-1,1,1,1
1970,4,1,-1,-1,1
1971,5,1,1,-1,-1
1972,1,-1,1,1,-1
1973,4,-1,1,1,1
1974,3,-1,1,1,1
1975,3,1,1,1,-1
1976,4,-1,-1,1,1
1977,5,1,1,-1,-1
1978,-1,-1,-1,-1,-1
1979,4,-1,-1,1,1
1980,1,1,1,1,-1
1981,1,1,1,1,-1
1982,1,1,1,1,-1
1983,2,-1,1,1,-1
1984,5,1,-1,-1,1
1985,-1,-1,1,1,1
1986,1,-1,-1,1,1
1987,4,-1,1,1,1
1988,-1,-1,1,-1,1
1989,-1,-1,-1,-1,-1
1990,5,-1,1,-1,-1
1991,3,-1,1,-1,1
1992,-1,-1,-1,-1,-1
1993,0,-1,-1,-1,1
1994,0,1,1,-1,-1
1995,4,-1,-1,1,1
1996,4,1,1,1,-1
1997,5,1,1,-1,-1
1998,3,1,1,1,-1
1999,-1,-1,-1,-1,1
2000,-1,-1,-1,-1,1
2001,1,1,1,1,-1
2002,1,-1,1,1,1
2003,2,1,1,1,-1
2004,1,-1,1,1,-1
2005,3,-1,1,1,-1
2006,4,-1,1,1,1
2007,3,1,1,1,-1
2008,1,-1,-1,1,1
2009,3,-1,1,1,-1
2010,2,1,1,1,-1
2011,-1,-1,-1,-1,-1
2012,4,-1,1,1,-1
2013,1,-1,1,1,-1
2014,1,-1,1,1,-1
2015,1,-1,1,1,1
2016,1,-1,1,1,1
2017,4,1,1,1,-1
2018,1,-1,1,1,-1
2019,4,1,1,1,-1
2020,3,-1,1,1,-1
2021,1,1,1,1,-1
2022,4,-1,-1,1,1
2023,2,-1,1,1,-1
2024,3,-1,1,1,-1
2025,5,-1,1,-1,1
2026,3,1,1,1,-1
2027,1,1,1,1,-1
2028,3,-1,1,1,1
2029,2,-1,1,1,-1
2030,2,1,1,1,-1
2031,4,1,1,1,-1
2032,5,-1,1,-1,-1
2033,-1,-1,1,1,1
2034,1,-1,-1,1,1
2035,1,-1,1,1,1
2036,5,1,1,-1,-1
2037,-1,-1,-1,-1,-1
2038,5,-1,1,-1,-1
2039,3,-1,1,1,1
2040,-1,-1,-1,-1,-1
2041,1,-1,1,-1,1
2042,2,1,1,1,-1
2043,1,-1,-1,1,1
2044,-1,-1,-1,-1,1
2045,1,-1,1,1,-1
2046,4,-1,1,1,1
2047,1,-1,1,1,-1
2048,2,-1,1,1,-1
2049,-1,1,-1,1,1
2050,1,1,1,1,-1
2051,3,-1,1,1,1
2052,3,-1,-1,-1,1
2053,-1,-1,-1,-1,-1
2054,-1,-1,1,-1,1
2055,3,-1,1,-1,1
2056,-1,-1,-1,-1,-1
2057,2,-1,1,1,-1
2058,-1,-1,-1,-1,-1
2059,5,1,1,-1,-1
2060,1,1,1,1,-1
2061,2,-1,1,1,-1
2062,1,-1,1,1,1
2063,3,-1,-1,1,1
2064,-1,-1,1,-1,1
2065,-1,-1,-1,-1,-1
2066,3,-1,-1,1,1
2067,3,-1,-1,1,1
2068,4,-1,1,1,-1
2069,1,-1,1,1,-1
2070,5,-1,1,-1,-1
2071,3,1,1,1,-1
2072,4,-1,1,1,1
2073,-1,-1,-1,-1,-1
2074,4,-1,1,1,1
2075,1,1,1,1,-1
2076,-1,-1,-1,-1,-1
2077,-1,-1,1,1,1
2078,4,-1,1,1,1
2079,1,-1,1,1,-1
2080,4,1,1,1,-1
2081,4,1,1,1,-1
2082,1,-1,1,1,-1
2083,4,-1,1,1,1
2084,4,-1,1,1,-1
2085,3,1,1,1,-1
2086,1,-1,-1,1,1
2087,5,-1,1,-1,-1
2088,-1,-1,-1,-1,-1
2089,5,1,1,-1,-1
2090,1,-1,1,1,-1
2091,-1,-1,-1,-1,1
2092,4,-1,1,-1,1
2093,-1,-1,-1,1,1
2094,3,-1,1,1,1
2095,-1,-1,-1,-1,-1
2096,1,1,1,1,-1
2097,-1,-1,-1,-1,-1
2098,5,-1,-1,-1,1
2099,-1,1,1,-1,1
2100,1,-1,1,1,1
2101,4,-1,1,1,-1
2102,5,-1,1,-1,-1
2103,2,-1,1,1,-1
2104,0,-1,1,-1,1
2105,4,1,1,1,-1
2106,3,1,1,1,-1
2107,1,-1,1,1,-1
2108,3,-1,1,1,-1
2109,2,-1,1,1,-1
2110,5,1,1,-1,-1
2111,3,1,-1,1,1
2112,1,1,1,1,-1
2113,5,1,1,-1,-1
2114,4,-1,-1,1,1
2115,-1,-1,-1,-1,-1
2116,-1,-1,1,-1,1
2117,2,-1,1,1,-1
2118,2,1,1,1,-1
2119,1,1,1,1,-1
2120,4,-1,1,1,-1
2121,4,1,1,1,-1
2122,4,-1,1,1,-1
2123,3,1,1,1,-1
2124,1,-1,-1,1,1
2125,-1,-1,-1,1,1
2126,1,-1,1,1,1
2127,2,1,1,1,-1
2128,1,-1,1,1,1
2129,3,-1,1,1,-1
2130,1,-1,1,1,1
2131,2,1,1,1,-1
2132,5,1,1,-1,-1
2133,1,1,1,1,-1
2134,3,-1,1,1,-1
2135,1,-1,1,-1,1
2136,-1,-1,1,1,1
2137,3,1,1,1,-1
2138,-1,-1,-1,-1,-1
2139,5,1,1,-1,-1
2140,1,1,1,1,-1
2141,3,-1,1,1,-1
2142,3,-1,1,1,-1
2143,3,-1,1,-1,1
2144,4,-1,1,1,-1
2145,3,1,1,1,-1
2146,1,1,1,1,-1
2147,3,-1,-1,1,1
2148,2,-1,1,1,-1
2149,1,-1,1,1,-1
2150,3,-1,1,1,-1
2151,-1,-1,-1,1,1
2152,-1,-1,-1,-1,-1
2153,2,1,1,1,-1
2154,3,-1,1,1,-1
2155,3,-1,-1,1,1
2156,-1,-1,-1,1,1
2157,2,-1,1,1,-1
2158,1,-1,1,1,1
2159,3,1,1,1,-1
2160,-1,-1,-1,1,1
2161,4,-1,1,1,1
2162,5,-1,1,-1,-1
2163,1,-1,1,1,-1
2164,1,-1,1,1,-1
2165,4,-1,-1,1,1
2166,1,-1,1,1,1
2167,3,-1,1,1,-1
2168,2,-1,1,1,-1
2169,3,-1,1,1,-1
2170,-1,-1,1,1,1
2171,2,-1,1,1,-1
2172,5,-1,1,-1,-1
2173,1,-1,-1,1,1
2174,1,-1,1,1,-1
2175,4,1,1,1,-1
2176,5,-1,1,-1,-1
2177,5,1,1,-1,-1
2178,2,-1,1,1,-1
2179,1,-1,1,1,1
2180,5,-1,1,-1,-1
2181,4,-1,1,1,-1
2182,-1,-1,-1,1,1
2183,3,-1,1,1,-1
2184,1,1,1,1,-1
2185,5,1,1,-1,-1
2186,3,1,1,1,-1
2187,3,-1,1,1,-1
2188,1,1,1,1,-1
2189,4,-1,1,1,1
2190,2,-1,1,1,-1
2191,5,1,1,-1,-1
2192,4,1,1,1,-1
2193,3,1,1,1,-1
2194,5,-1,1,-1,-1
2195,4,-1,1,1,1
2196,-1,1,-1,1,1
2197,4,-1,1,1,1
2198,3,1,1,1,-1
2199,4,1,-1,-1,1
2200,4,-1,-1,1,1
2201,1,-1,1,1,-1
2202,2,1,1,1,-1
2203,5,1,1,-1,-1
2204,-1,-1,1,1,1
2205,5,1,1,-1,-1
2206,3,-1,1,1,-1
2207,3,-1,1,1,-1
2208,3,-1,1,1,-1
2209,2,-1,1,1,-1
2210,5,-1,1,-1,-1
2211,3,-1,-1,1,1
2212,5,1,1,-1,-1
2213,2,1,1,1,-1
2214,1,1,1,1,-1
2215,-1,-1,-1,-1,-1
2216,2,1,1,1,-1
2217,5,1,-1,-1,1
2218,3,1,1,1,-1
2219,0,-1,1,1,1
2220,-1,-1,-1,1,1
2221,2,-1,1,1,-1
2222,-1,-1,1,-1,1
2223,-1,-1,1,-1,1
2224,4,1,1,1,-1
2225,4,-1,1,1,1
2226,4,1,1,1,-1
2227,3,1,1,1,-1
2228,-1,-1,-1,-1,1
2229,5,1,1,-1,-1
2230,-1,-1,1,1,1
2231,3,-1,-1,1,1
2232,2,-1,1,1,-1
2233,2,-1,1,1,-1
2234,5,1,1,-1,-1
2235,-1,-1,-1,-1,-1
2236,4,-1,1,1,1
2237,-1,-1,-1,-1,-1
2238,5,-1,1,-1,-1
2239,-1,-1,-1,-1,-1
2240,-1,-1,-1,-1,-1
2241,3,-1,1,-1,1
2242,5,1,-1,-1,1
2243,4,-1,-1,1,1
2244,2,-1,1,1,-1
2245,1,1,1,1,-1
2246,1,-1,1,1,1
2247,5,1,1,-1,-1
2248,2,-1,1,1,-1
2249,4,-1,-1,1,1
2250,5,1,1,-1,-1
2251,-1,-1,1,1,1
2252,-1,-1,-1,-1,-1
2253,5,1,1,-1,1
2254,-1,-1,1,1,1
2255,5,-1,1,-1,-1
2256,2,-1,1,1,-1
2257,2,1,1,1,-1
2258,-1,-1,1,1,1
2259,2,1,1,1,-1
2260,1,-1,1,1,1
2261,4,-1,-1,1,1
2262,-1,-1,1,1,1
2263,-1,-1,1,-1,1
2264,1,1,1,1,-1
2265,-1,-1,-1,1,1
2266,-1,-1,-1,-1,-1
2267,1,-1,1,1,-1
2268,5,1,1,-1,-1
2269,3,-1,1,1,1
2270,5,-1,1,-1,-1
2271,2,-1,1,1,-1
2272,3,-1,1,1,-1
2273,5,-1,1,-1,-1
2274,-1,-1,-1,-1,-1
2275,3,1,1,1,-1
2276,5,-1,1,-1,-1
2277,1,-1,1,1,-1
2278,5,1,1,-1,-1
2279,-1,-1,-1,-1,-1
2280,3,-1,-1,1,1
2281,3,-1,1,1,-1
2282,1,1,1,1,-1
2283,3,-1,1,1,1
2284,-1,-1,-1,-1,-1
2285,2,-1,1,1,-1
2286,4,1,1,1,-1
2287,-1,-1,-1,-1,-1
2288,3,1,1,1,-1
2289,1,-1,1,1,-1
2290,1,-1,1,1,-1
2291,-1,-1,-1,-1,-1
2292,-1,-1,-1,1,1
2293,-1,-1,1,-1,1
2294,0,-1,1,1,1
2295,2,1,1,1,-1
2296,4,-1,-1,1,1
2297,1,-1,1,1,-1
2298,-1,1,1,-1,1
2299,4,1,1,1,-1
2300,1,-1,1,1,-1
2301,2,1,1,1,-1
2302,5,-1,1,1,1
2303,3,1,1,1,-1
2304,1,1,1,1,-1
2305,2,1,1,1,-1
2306,4,-1,1,1,1
2307,-1,-1,-1,1,1
2308,4,-1,1,1,1
2309,-1,-1,-1,1,1
2310,3,-1,1,1,-1
2311,-1,-1,1,-1,1
2312,1,1,1,1,-1
2313,4,-1,1,-1,1
2314,1,1,1,1,-1
2315,1,1,1,1,-1
2316,4,-1,1,1,1
2317,1,1,1,1,-1
2318,4,1,1,1,-1
2319,1,-1,1,1,-1
2320,3,1,1,1,-1
2321,5,-1,1,-1,-1
2322,2,-1,1,1,-1
2323,1,-1,-1,-1,1
2324,-1,-1,1,1,1
2325,1,-1,1,1,-1
2326,3,-1,-1,-1,1
2327,0,-1,1,-1,1
2328,1,-1,1,1,1
2329,4,1,1,1,-1
2330,-1,-1,-1,-1,-1
2331,5,-1,1,-1,-1
2332,-1,-1,-1,1,1
2333,3,-1,1,1,-1
2334,4,-1,1,1,-1
2335,3,1,1,1,-1
2336,4,-1,1,1,1
2337,-1,-1,1,1,1
2338,3,1,1,1,-1
2339,2,1,1,1,-1
2340,4,-1,1,1,1
2341,4,-1,1,1,1
2342,4,1,1,1,-1
2343,3,-1,1,1,-1
2344,2,1,1,1,-1
2345,3,-1,1,1,-1
2346,1,-1,1,1,1
2347,0,-1,1,-1,-1
2348,4,-1,1,1,-1
2349,5,-1,1,-1,-1
2350,1,-1,1,1,-1
2351,-1,-1,1,1,1
2352,4,-1,-1,1,1
2353,0,1,1,-1,-1
2354,5,-1,1,-1,-1
2355,3,-1,1,1,1
2356,-1,-1,-1,1,1
2357,4,1,1,1,-1
2358,5,1,1,-1,-1
2359,-1,1,-1,1,1
2360,-1,-1,1,1,1
2361,1,1,1,1,-1
2362,2,-1,1,1,-1
2363,4,-1,1,1,1
2364,-1,-1,1,1,1
2365,2,1,1,1,-1
2366,2,-1,1,1,-1
2367,1,-1,1,1,-1
2368,3,-1,1,1,-1
2369,4,-1,1,1,1
2370,1,-1,1,1,1
2371,5,-1,1,-1,-1
2372,5,-1,1,-1,-1
2373,1,1,1,1,-1
2374,-1,-1,-1,-1,-1
2375,1,-1,-1,1,1
2376,5,-1,1,-1,-1
2377,-1,-1,-1,1,1
2378,3,-1,1,1,1
2379,-1,-1,-1,1,1
2380,3,-1,1,1,1
2381,2,1,1,1,-1
2382,2,-1,1,1,-1
2383,-1,-1,1,1,1
2384,3,-1,1,1,1
2385,-1,-1,-1,1,1
2386,1,-1,1,1,1
2387,-1,-1,1,-1,1
2388,5,-1,1,-1,-1
2389,4,-1,1,1,1
2390,2,1,1,1,-1
2391,1,-1,1,1,1
2392,4,-1,1,1,-1
2393,3,1,1,1,-1
2394,3,-1,1,1,-1
2395,4,-1,-1,1,1
2396,4,-1,1,-1,1
2397,1,1,1,1,-1
2398,4,-1,1,1,1
2399,4,1,1,1,-1
2400,1,1,1,1,-1
2401,4,-1,-1,-1,1
2402,-1,-1,1,1,1
2403,-1,-1,-1,1,1
2404,5,-1,1,-1,-1
2405,4,-1,1,1,1
2406,-1,-1,-1,-1,-1
2407,-1,-1,1,1,1
2408,3,1,1,1,-1
2409,1,1,1,1,-1
2410,-1,-1,-1,-1,-1
2411,4,-1,-1,1,1
2412,1,1,1,1,-1
2413,2,-1,1,1,-1
2414,-1,-1,-1,-1,-1
2415,5,-1,1,-1,1
2416,4,-1,-1,1,1
2417,5,1,1,-1,-1
2418,1,-1,1,1,-1
2419,4,-1,-1,-1,1
2420,1,-1,1,-1,1
2421,5,1,1,-1,-1
2422,3,-1,1,1,-1
2423,4,1,1,1,1
2424,2,1,1,1,-1
2425,4,-1,1,1,-1
2426,3,-1,1,1,1
2427,-1,-1,-1,-1,-1
2428,4,-1,-1,1,1
2429,3,-1,1,-1,1
2430,2,1,1,1,-1
2431,3,-1,1,1,1
2432,1,1,1,1,-1
2433,5,-1,-1,-1,1
2434,3,-1,1,1,-1
2435,-1,-1,-1,-1,1
2436,1,1,1,1,-1
2437,5,-1,1,-1,-1
2438,2,1,1,1,-1
2439,-1,-1,-1,-1,-1
2440,2,-1,1,1,-1
2441,1,-1,1,1,1
2442,3,-1,1,1,-1
2443,0,-1,-1,-1,1
2444,-1,-1,1,1,1
2445,3,1,1,1,-1
2446,4,-1,1,1,-1
2447,5,-1,1,-1,-1
2448,1,-1,-1,1,1
2449,4,1,1,1,-1
2450,-1,-1,1,1,1
2451,-1,-1,-1,-1,1
2452,-1,-1,-1,1,1
2453,3,-1,1,1,-1
2454,1,-1,-1,1,1
2455,3,-1,-1,1,1
2456,-1,-1,-1,-1,-1
2457,-1,-1,-1,-1,-1
2458,2,1,1,1,-1
2459,-1,-1,-1,1,1
2460,3,-1,1,1,-1
2461,2,1,1,1,-1
2462,-1,-1,-1,-1,-1
2463,3,-1,-1,1,1
2464,2,1,1,1,-1
2465,1,1,1,1,-1
2466,4,-1,1,1,-1
2467,4,-1,1,1,-1
2468,3,1,1,1,-1
2469,-1,-1,-1,-1,-1
2470,2,-1,1,1,-1
2471,1,1,1,1,-1
2472,3,-1,1,1,1
2473,-1,-1,-1,-1,-1
2474,1,1,1,1,-1
2475,2,-1,1,1,-1
2476,3,1,1,1,-1
2477,-1,-1,-1,-1,-1
2478,3,1,1,1,-1
2479,3,1,1,1,-1
2480,1,-1,1,1,-1
2481,1,-1,1,-1,1
2482,1,1,1,1,-1
2483,3,-1,1,1,1
2484,-1,-1,-1,1,1
2485,-1,-1,-1,-1,-1
2486,-1,-1,-1,-1,-1
2487,-1,-1,-1,-1,-1
2488,3,-1,1,1,-1
2489,4,-1,1,1,-1
2490,5,-1,1,-1,-1
2491,1,1,1,1,-1
2492,2,-1,1,1,-1
2493,1,-1,1,1,-1
2494,5,-1,1,-1,-1
2495,-1,-1,1,1,1
2496,5,1,1,-1,-1
2497,-1,-1,1,1,1
2498,-1,-1,-1,1,1
2499,5,-1,1,-1,-1
2500,5,1,-1,-1,1
2501,3,-1,1,1,-1
2502,1,1,1,1,-1
2503,1,-1,1,1,-1
2504,2,-1,1,1,-1
2505,-1,-1,-1,1,1
2506,5,1,1,-1,-1
2507,1,-1,1,1,1
2508,-1,-1,1,1,1
2509,3,-1,1,1,-1
2510,4,-1,1,1,1
2511,-1,-1,-1,1,1
2512,1,-1,-1,1,1
2513,5,-1,1,-1,-1
2514,1,1,1,1,-1
2515,3,-1,1,1,-1
2516,3,-1,1,1,-1
2517,1,-1,1,1,-1
2518,3,-1,1,1,1
2519,4,-1,1,1,1
2520,3,-1,1,1,-1
2521,2,-1,1,1,-1
2522,3,1,1,1,-1
2523,2,-1,1,1,-1
2524,1,1,1,1,-1
2525,2,1,1,1,-1
2526,3,-1,1,1,-1
2527,1,-1,1,1,1
2528,3,-1,1,1,1
2529,3,-1,1,1,-1
2530,2,-1,1,1,-1
2531,2,1,1,1,-1
2532,3,-1,1,1,-1
2533,-1,-1,-1,-1,-1
2534,1,-1,1,-1,1
2535,-1,-1,-1,1,1
2536,4,-1,1,1,-1
2537,-1,-1,-1,-1,-1
2538,3,-1,-1,1,1
2539,-1,-1,-1,-1,-1
2540,4,-1,1,-1,1
2541,3,-1,-1,-1,1
2542,3,-1,1,1,-1
2543,5,-1,1,-1,-1
2544,1,-1,1,1,-1
2545,4,-1,-1,1,1
2546,-1,-1,1,1,1
2547,2,1,1,1,-1
2548,5,1,1,-1,-1
2549,3,-1,1,1,-1
2550,3,1,1,1,-1
2551,1,1,1,1,-1
2552,3,1,1,1,-1
2553,3,-1,-1,1,1
2554,0,-1,-1,-1,1
2555,3,-1,1,1,-1
2556,1,1,1,1,-1
2557,-1,-1,-1,-1,-1
2558,5,-1,1,-1,-1
2559,2,-1,1,1,-1
2560,1,1,1,1,-1
2561,0,-1,1,-1,1
2562,1,1,1,1,-1
2563,1,-1,1,1,-1
2564,2,-1,1,1,-1
2565,1,-1,-1,1,1
2566,3,1,1,1,-1
2567,-1,-1,1,1,1
2568,3,-1,1,1,1
2569,-1,-1,-1,-1,-1
2570,4,-1,-1,1,1
2571,3,1,1,1,-1
2572,-1,-1,-1,1,1
2573,2,1,1,1,-1
2574,3,-1,-1,1,1
2575,-1,-1,-1,-1,-1
2576,5,-1,1,-1,-1
2577,3,1,1,1,-1
2578,1,-1,1,1,-1
2579,1,-1,1,1,-1
2580,4,-1,1,1,1
2581,5,-1,1,-1,-1
2582,1,-1,1,-1,1
2583,1,-1,1,1,1
2584,4,-1,1,1,1
2585,-1,-1,1,1,1
2586,5,-1,1,-1,-1
2587,2,1,1,1,-1
2588,-1,-1,1,-1,1
2589,3,1,1,1,-1
2590,-1,-1,-1,-1,-1
2591,3,-1,-1,1,1
2592,4,-1,1,1,1
2593,-1,-1,1,1,1
2594,2,1,1,1,-1
2595,3,1,1,1,-1
2596,1,-1,1,1,1
2597,-1,-1,-1,-1,-1
2598,3,-1,1,1,-1
2599,2,-1,1,1,-1
2600,5,1,1,-1,-1
2601,1,-1,1,1,-1
2602,1,-1,1,-1,1
2603,1,-1,1,1,-1
2604,1,-1,1,1,-1
2605,4,1,1,1,-1
2606,3,1,1,1,-1
2607,5,1,1,-1,-1
2608,5,-1,-1,-1,1
2609,-1,-1,1,1,1
2610,5,-1,-1,-1,1
2611,5,-1,1,-1,-1
2612,1,1,1,1,-1
2613,3,-1,1,1,1
2614,4,-1,1,1,-1
2615,-1,-1,1,1,1
2616,2,-1,1,1,-1
2617,1,1,1,1,-1
2618,2,1,1,1,-1
2619,1,-1,1,-1,1
2620,5,-1,-1,-1,1
2621,3,-1,1,1,-1
2622,4,-1,1,1,-1
2623,1,1,1,1,-1
2624,1,1,1,1,-1
2625,-1,-1,-1,1,1
2626,-1,-1,-1,-1,-1
2627,5,1,1,-1,-1
2628,2,-1,1,1,-1
2629,1,-1,1,1,-1
2630,5,-1,1,-1,-1
2631,1,1,1,1,-1
2632,4,-1,-1,1,1
2633,3,-1,1,1,1
2634,3,-1,1,1,1
2635,-1,-1,-1,-1,-1
2636,1,1,1,1,-1
2637,2,-1,1,1,-1
2638,1,-1,1,1,-1
2639,-1,-1,1,1,1
2640,1,-1,1,1,-1
2641,-1,-1,1,1,1
2642,-1,1,1,-1,1
2643,1,-1,1,-1,1
2644,1,-1,1,1,1
2645,2,-1,1,1,-1
2646,3,-1,1,1,-1
2647,3,-1,1,1,-1
2648,1,-1,1,1,-1
2649,3,1,1,1,-1
2650,2,1,1,1,-1
2651,-1,-1,-1,-1,-1
2652,1,1,1,1,-1
2653,3,-1,1,1,-1
2654,2,1,1,1,-1
2655,5,-1,-1,-1,1
2656,1,-1,1,1,-1
2657,3,1,1,1,-1
2658,3,1,1,1,-1
2659,1,-1,1,1,-1
2660,4,1,1,1,-1
2661,4,1,1,1,-1
2662,3,1,1,1,-1
2663,3,-1,1,1,1
2664,4,1,1,1,-1
2665,2,1,1,1,-1
2666,5,-1,1,-1,-1
2667,5,-1,1,-1,-1
2668,2,-1,1,1,-1
2669,1,1,1,1,-1
2670,4,-1,-1,1,1
2671,3,-1,1,-1,1
2672,3,1,1,1,1
2673,2,1,1,1,-1
2674,2,-1,1,1,-1
2675,4,-1,1,1,1
2676,-1,-1,-1,-1,-1
2677,3,-1,-1,1,1
2678,-1,-1,-1,-1,1
2679,3,1,1,1,-1
2680,3,1,1,1,-1
2681,4,-1,1,-1,1
2682,2,-1,1,1,-1
2683,4,-1,-1,1,1
2684,3,-1,1,1,-1
2685,-1,-1,-1,-1,-1
2686,4,-1,1,1,-1
2687,3,-1,1,1,-1
2688,4,-1,1,1,-1
2689,2,-1,1,1,-1
2690,1,1,1,1,-1
2691,5,1,1,-1,-1
2692,4,-1,1,1,1
2693,3,-1,1,1,-1
2694,2,-1,1,1,-1
2695,1,-1,1,1,-1
2696,4,-1,1,1,-1
2697,4,-1,-1,1,1
2698,4,-1,-1,1,1
2699,4,-1,1,1,1
2700,-1,-1,-1,1,1
2701,1,1,1,1,1
2702,1,-1,1,1,1
2703,1,1,1,1,-1
2704,3,-1,-1,-1,1
2705,3,-1,1,1,-1
2706,4,-1,1,1,1
2707,4,-1,-1,1,1
2708,3,-1,1,1,-1
2709,-1,-1,-1,-1,1
2710,0,-1,1,-1,1
2711,3,-1,-1,1,1
2712,3,-1,-1,1,1
2713,-1,-1,-1,-1,-1
2714,1,-1,1,1,-1
2715,-1,-1,-1,1,1
2716,2,-1,1,1,-1
2717,1,-1,1,1,1
2718,1,1,1,1,-1
2719,2,1,1,1,-1
2720,1,-1,1,1,-1
2721,0,1,1,-1,1
2722,3,-1,1,1,-1
2723,4,-1,-1,1,1
2724,0,1,1,-1,-1
2725,1,-1,1,1,-1
2726,3,-1,1,1,1
2727,4,1,1,1,1
2728,2,-1,1,1,-1
2729,4,-1,-1,1,1
2730,-1,-1,1,1,1
2731,1,-1,1,1,-1
2732,5,-1,1,-1,-1
2733,1,-1,1,-1,1
2734,5,-1,1,-1,-1
2735,2,-1,1,1,-1
2736,-1,-1,-1,1,1
2737,1,1,1,1,-1
2738,-1,-1,-1,-1,-1
2739,3,-1,1,1,-1
2740,2,-1,1,1,-1
2741,1,-1,-1,1,1
2742,1,-1,1,-1,1
2743,3,1,1,1,-1
2744,2,1,1,1,-1
2745,2,1,1,1,-1
2746,1,1,1,1,-1
2747,-1,-1,-1,-1,-1
2748,5,1,1,-1,-1
2749,2,-1,1,1,-1
2750,4,-1,-1,1,1
2751,3,-1,1,1,-1
2752,-1,-1,-1,-1,-1
2753,0,-1,-1,1,1
2754,-1,-1,1,1,1
2755,5,1,1,-1,-1
2756,3,-1,1,1,-1
2757,5,1,1,-1,-1
2758,-1,-1,-1,1,1
2759,1,1,1,1,-1
2760,5,-1,1,-1,-1
2761,3,1,1,1,-1
2762,1,-1,1,1,-1
2763,-1,-1,-1,-1,-1
2764,4,-1,-1,1,1
2765,-1,-1,-1,-1,-1
2766,0,-1,1,-1,-1
2767,5,-1,1,-1,-1
2768,5,1,1,-1,-1
2769,4,-1,-1,1,1
2770,1,1,1,1,-1
2771,4,1,1,1,-1
2772,-1,-1,-1,-1,-1
2773,4,-1,1,1,-1
2774,2,-1,1,1,-1
2775,5,-1,1,-1,-1
2776,-1,-1,-1,-1,-1
2777,3,-1,1,1,-1
2778,1,-1,1,1,-1
2779,-1,-1,1,-1,1
2780,-1,-1,1,1,1
2781,0,-1,1,1,1
2782,-1,-1,-1,-1,-1
2783,-1,-1,-1,-1,-1
2784,1,-1,-1,1,1
2785,1,-1,1,1,-1
2786,-1,-1,-1,-1,-1
2787,1,-1,1,1,-1
2788,-1,-1,-1,-1,1
2789,-1,-1,-1,1,1
2790,3,-1,-1,1,1
2791,0,-1,1,-1,1
2792,3,-1,1,1,-1
2793,1,-1,1,1,1
2794,-1,-1,1,1,1
2795,2,-1,1,1,-1
2796,3,1,1,1,-1
2797,5,-1,1,-1,-1
2798,4,-1,1,-1,1
2799,4,-1,-1,-1,1
2800,2,-1,1,1,-1
2801,3,-1,1,1,1
2802,2,1,1,1,-1
2803,2,-1,1,1,-1
2804,3,-1,1,1,-1
2805,-1,-1,1,-1,1
2806,2,-1,1,1,-1
2807,1,1,1,1,-1
2808,4,-1,1,1,1
2809,-1,-1,-1,1,1
2810,-1,1,1,-1,1
2811,4,-1,1,1,1
2812,-1,1,-1,-1,1
2813,3,-1,1,1,-1
2814,4,1,1,1,-1
2815,4,-1,1,1,-1
2816,-1,-1,-1,1,1
2817,1,-1,1,1,-1
2818,3,1,1,1,-1
2819,-1,-1,1,1,1
2820,1,1,1,1,-1
2821,5,-1,1,-1,-1
2822,2,1,1,1,-1
2823,4,-1,-1,1,1
2824,3,-1,1,1,1
2825,2,1,1,1,-1
2826,-1,-1,-1,-1,-1
2827,1,-1,1,-1,1
2828,-1,-1,-1,1,1
2829,-1,-1,-1,1,1
2830,5,1,-1,-1,1
2831,-1,-1,-1,-1,-1
2832,4,-1,1,1,-1
2833,0,-1,1,-1,1
2834,5,1,1,-1,-1
2835,-1,-1,-1,-1,-1
2836,2,-1,1,1,-1
2837,-1,-1,-1,1,1
2838,5,-1,1,-1,-1
2839,4,-1,1,1,-1
2840,1,-1,1,1,-1
2841,1,-1,1,1,-1
2842,1,-1,-1,1,1
2843,2,-1,1,1,-1
2844,5,1,1,-1,-1
2845,2,1,1,1,-1
2846,4,-1,1,-1,1
2847,1,1,1,1,-1
2848,2,-1,1,1,-1
2849,3,-1,1,1,1
2850,1,-1,1,1,-1
2851,-1,-1,1,1,1
2852,-1,-1,-1,1,1
2853,3,-1,-1,1,1
2854,5,1,1,-1,-1
2855,5,1,1,-1,1
2856,1,-1,1,1,-1
2857,3,-1,-1,1,1
2858,1,1,1,1,-1
2859,-1,-1,-1,-1,-1
2860,3,-1,1,1,-1
2861,4,-1,1,1,-1
2862,4,-1,1,1,-1
2863,3,-1,1,1,-1
2864,5,1,1,-1,-1
2865,2,1,1,1,-1
2866,3,-1,1,1,1
2867,1,1,1,1,-1
2868,3,-1,-1,1,1
2869,-1,-1,-1,-1,-1
2870,-1,-1,-1,-1,-1
2871,3,-1,1,1,-1
2872,2,-1,1,1,-1
2873,4,-1,1,1,-1
2874,5,1,1,-1,-1
2875,2,1,1,1,-1
2876,0,-1,1,-1,-1
2877,5,-1,1,-1,-1
2878,1,-1,1,1,-1
2879,3,-1,-1,1,1
2880,1,1,1,1,-1
2881,1,1,1,1,-1
2882,-1,-1,-1,-1,-1
2883,-1,-1,1,1,1
2884,1,-1,1,1,-1
2885,5,1,1,-1,-1
2886,-1,-1,-1,-1,-1
2887,1,-1,1,1,1
2888,-1,-1,-1,-1,-1
2889,5,-1,1,-1,-1
2890,4,-1,1,1,-1
2891,-1,-1,-1,1,1
2892,2,1,1,1,-1
2893,4,-1,-1,1,1
2894,2,1,1,1,-1
2895,1,-1,1,1,-1
2896,4,-1,-1,1,1
2897,5,-1,1,-1,-1
2898,3,-1,1,1,-1
2899,5,-1,1,-1,-1
2900,0,-1,1,-1,-1
2901,1,-1,1,1,-1
2902,3,-1,-1,1,1
2903,2,1,1,1,-1
2904,3,1,1,1,-1
2905,5,-1,1,-1,-1
2906,3,-1,-1,1,1
2907,2,-1,1,1,-1
2908,-1,-1,1,1,1
2909,5,-1,1,-1,1
2910,5,-1,1,-1,-1
2911,3,-1,-1,1,1
2912,-1,-1,-1,-1,-1
2913,3,1,1,1,-1
2914,1,-1,-1,1,1
2915,-1,-1,-1,-1,-1
2916,2,-1,1,1,-1
2917,3,-1,1,1,-1
2918,2,-1,1,1,-1
2919,3,-1,-1,1,1
2920,-1,1,-1,-1,1
2921,1,-1,1,1,-1
2922,5,1,1,-1,-1
2923,1,-1,1,1,-1
2924,3,-1,-1,1,1
2925,1,-1,1,1,-1
2926,3,-1,1,1,1
2927,4,1,1,1,-1
2928,-1,-1,-1,1,1
2929,3,1,1,1,-1
2930,4,1,1,1,-1
2931,4,-1,1,1,-1
2932,2,1,1,1,-1
2933,3,-1,1,1,-1
2934,-1,1,-1,1,1
2935,0,1,-1,1,1
2936,1,-1,1,1,-1
2937,1,1,1,1,-1
2938,2,-1,1,1,-1
2939,4,-1,-1,1,1
2940,1,-1,1,1,-1
2941,-1,-1,1,1,1
2942,-1,-1,-1,1,1
2943,4,1,1,1,-1
2944,3,1,1,1,-1
2945,1,1,1,1,-1
2946,2,-1,1,1,-1
2947,1,-1,1,1,-1
2948,0,-1,1,1,1
2949,1,-1,-1,1,1
2950,2,-1,1,1,-1
2951,4,1,1,1,-1
2952,4,-1,1,1,-1
2953,4,-1,1,1,1
2954,1,1,1,1,-1
2955,2,-1,1,1,-1
2956,3,1,1,1,-1
2957,-1,1,1,1,1
2958,3,-1,1,1,1
2959,1,-1,1,1,-1
2960,4,1,1,1,-1
2961,3,-1,1,1,1
2962,1,-1,-1,1,1
2963,3,-1,1,1,-1
2964,1,1,1,1,-1
2965,5,1,1,-1,-1
2966,0,-1,1,-1,-1
2967,3,-1,-1,-1,1
2968,1,-1,1,1,1
2969,4,1,1,1,-1
2970,-1,-1,-1,1,1
2971,2,1,1,1,-1
2972,5,1,1,-1,-1
2973,1,-1,1,1,-1
2974,5,-1,1,-1,-1
2975,3,-1,1,1,-1
2976,5,-1,1,-1,-1
2977,-1,-1,1,-1,1
2978,5,1,1,-1,-1
2979,3,-1,1,1,1
2980,1,-1,1,1,-1
2981,1,-1,1,1,-1
2982,2,1,1,1,-1
2983,-1,-1,-1,-1,-1
2984,-1,-1,-1,1,1
2985,1,-1,1,1,1
2986,1,-1,1,1,-1
2987,2,-1,1,1,-1
2988,1,-1,1,1,-1
2989,1,-1,1,1,-1
2990,1,1,1,1,-1
2991,-1,-1,-1,-1,-1
2992,3,1,1,1,-1
2993,1,-1,1,1,1
2994,3,1,1,1,-1
2995,2,-1,1,1,-1
2996,4,-1,1,1,1
2997,3,1,1,1,-1
2998,-1,-1,1,1,1
2999,1,-1,-1,1,1
3000,1,-1,1,1,1
3001,3,-1,-1,1,1
3002,-1,-1,-1,1,1
3003,3,-1,1,1,1
3004,3,-1,1,1,-1
3005,-1,-1,-1,1,1
3006,2,-1,1,1,-1
3007,-1,-1,1,1,1
3008,3,-1,1,1,-1
3009,5,-1,1,-1,-1
3010,2,-1,1,1,-1
3011,-1,-1,-1,-1,1
3012,-1,-1,-1,1,1
3013,4,-1,1,1,1
3014,1,-1,1,1,-1
3015,-1,-1,1,1,1
3016,-1,-1,-1,1,1
3017,3,-1,-1,1,1
3018,4,-1,-1,1,1
3019,-1,-1,-1,1,1
3020,2,-1,1,1,-1
3021,4,1,1,1,-1
3022,4,1,-1,1,1
3023,4,-1,-1,1,1
3024,2,1,1,1,-1
3025,4,-1,-1,-1,1
3026,1,-1,1,1,-1
3027,1,-1,1,1,-1
3028,-1,-1,1,1,1
3029,-1,-1,-1,-1,1
3030,3,1,1,1,-1
3031,3,-1,1,1,1
3032,2,-1,1,1,-1
3033,-1,-1,1,-1,1
3034,-1,-1,-1,-1,-1
3035,3,-1,-1,-1,1
3036,3,-1,1,1,-1
3037,-1,-1,-1,-1,-1
3038,0,-1,1,-1,1
3039,1,-1,1,1,-1
3040,5,-1,1,-1,-1
3041,1,1,1,1,-1
3042,1,1,1,1,-1
3043,-1,-1,-1,1,1
3044,-1,-1,-1,-1,-1
3045,1,-1,1,1,1
3046,3,-1,1,1,-1
3047,2,1,1,1,-1
3048,4,-1,1,1,1
3049,1,-1,1,1,1
3050,2,-1,1,1,-1
3051,-1,-1,-1,-1,-1
3052,2,-1,1,1,-1
3053,4,1,1,1,1
3054,-1,-1,-1,-1,-1
3055,2,1,1,1,-1
3056,-1,-1,-1,1,1
3057,2,-1,1,1,-1
3058,1,-1,1,1,-1
3059,2,-1,1,1,-1
3060,4,-1,-1,1,1
3061,2,-1,1,1,-1
3062,4,1,1,1,-1
3063,3,1,1,1,-1
3064,1,-1,1,1,-1
3065,2,1,1,1,-1
3066,-1,-1,-1,1,1
3067,-1,-1,-1,-1,-1
3068,-1,-1,-1,1,1
3069,1,-1,1,1,-1
3070,-1,-1,-1,-1,-1
3071,1,1,1,1,-1
3072,4,-1,1,-1,1
3073,1,1,1,1,-1
3074,-1,-1,1,1,1
3075,1,-1,-1,1,1
3076,1,-1,1,1,-1
3077,4,-1,-1,1,1
3078,4,-1,1,1,1
3079,4,-1,1,1,1
3080,1,1,1,1,-1
3081,2,1,1,1,-1
3082,5,1,1,-1,-1
3083,1,-1,1,1,-1
3084,-1,-1,1,1,1
3085,5,-1,1,-1,1
3086,-1,-1,-1,-1,-1
3087,1,1,1,1,-1
3088,1,-1,1,1,-1
3089,3,1,1,1,-1
3090,1,-1,1,1,-1
3091,3,-1,1,1,-1
3092,2,-1,1,1,-1
3093,5,1,1,-1,-1
3094,1,-1,1,1,-1
3095,3,-1,1,1,-1
3096,-1,1,-1,1,1
3097,3,-1,1,1,1
3098,2,1,1,1,-1
3099,-1,-1,-1,-1,-1
3100,0,-1,1,1,1
3101,1,-1,1,1,-1
3102,2,-1,1,1,-1
3103,4,-1,-1,1,1
3104,-1,-1,-1,-1,-1
3105,-1,-1,-1,-1,-1
3106,1,-1,-1,1,1
3107,1,-1,1,1,-1
3108,3,1,1,1,-1
3109,-1,-1,1,-1,1
3110,1,-1,-1,1,1
3111,4,-1,1,1,1
3112,4,-1,1,-1,1
3113,0,-1,-1,-1,1
3114,5,-1,1,-1,-1
3115,-1,-1,-1,-1,-1
3116,-1,-1,-1,1,1
3117,1,-1,1,1,-1
3118,5,-1,1,-1,-1
3119,-1,-1,1,1,1
3120,3,-1,1,1,-1
3121,4,-1,-1,1,1
3122,1,1,1,1,-1
3123,5,1,1,-1,-1
3124,3,-1,1,1,-1
3125,3,-1,1,1,1
3126,1,-1,1,1,-1
3127,5,-1,1,-1,-1
3128,1,-1,-1,-1,1
3129,3,-1,1,1,1
3130,2,-1,1,1,-1
3131,3,1,1,1,-1
3132,5,1,1,-1,-1
3133,-1,-1,1,1,1
3134,0,1,1,-1,1
3135,-1,-1,1,1,1
3136,4,-1,1,1,-1
3137,4,-1,-1,1,1
3138,3,-1,1,1,-1
3139,5,1,1,-1,-1
3140,5,-1,1,-1,-1
3141,-1,-1,-1,-1,1
3142,3,-1,-1,1,1
3143,3,-1,1,1,1
3144,2,-1,1,1,-1
3145,4,-1,1,1,-1
3146,5,1,1,-1,-1
3147,4,-1,1,1,-1
3148,4,-1,1,1,1
3149,2,1,1,1,-1
3150,2,1,1,1,-1
3151,-1,-1,1,1,1
3152,1,1,1,1,-1
3153,3,-1,1,1,1
3154,3,-1,1,1,-1
3155,5,1,1,-1,1
3156,-1,-1,-1,-1,-1
3157,-1,-1,-1,-1,1
3158,4,-1,1,1,1
3159,4,1,1,1,-1
3160,1,-1,1,1,1
3161,5,-1,1,-1,-1
3162,-1,-1,1,-1,1
3163,3,-1,1,1,1
3164,3,-1,-1,1,1
3165,-1,-1,1,1,1
3166,2,-1,1,1,-1
3167,2,-1,1,1,-1
3168,4,1,1,1,-1
3169,-1,1,1,1,1
3170,1,-1,1,1,-1
3171,1,1,1,1,-1
3172,3,1,1,1,-1
3173,1,-1,-1,1,1
3174,3,-1,1,1,-1
3175,-1,-1,-1,-1,-1
3176,5,-1,1,-1,-1
3177,1,-1,1,1,-1
3178,-1,-1,-1,1,1
3179,1,-1,-1,1,1
3180,4,-1,1,1,1
3181,2,-1,1,1,-1
3182,3,-1,1,1,-1
3183,-1,-1,-1,-1,-1
3184,3,-1,-1,1,1
3185,4,-1,1,1,1
3186,5,-1,1,-1,-1
3187,0,-1,1,-1,1
3188,3,-1,1,-1,1
3189,2,-1,1,1,-1
3190,5,-1,1,-1,-1
3191,1,-1,1,1,-1
3192,5,-1,1,-1,-1
3193,3,-1,1,1,-1
3194,3,-1,1,1,-1
3195,-1,-1,-1,-1,1
3196,3,1,1,1,-1
3197,4,-1,-1,1,1
3198,3,1,1,1,-1
3199,3,-1,-1,1,1
3200,1,-1,1,1,-1
3201,1,1,1,1,-1
3202,5,-1,1,-1,-1
3203,1,-1,1,1,-1
3204,3,-1,1,1,-1
3205,5,1,1,-1,-1
3206,4,-1,-1,1,1
3207,4,-1,1,1,-1
3208,5,-1,1,-1,-1
3209,2,-1,1,1,-1
3210,3,-1,1,1,-1
3211,1,-1,1,1,1
3212,4,-1,-1,-1,1
3213,4,1,1,1,-1
3214,1,-1,1,1,-1
3215,4,-1,1,1,1
3216,3,-1,1,1,-1
3217,5,1,1,-1,1
3218,-1,-1,-1,-1,1
3219,4,-1,1,-1,1
3220,-1,-1,-1,1,1
3221,-1,-1,-1,1,1
3222,3,1,1,1,-1
3223,5,-1,1,-1,-1
3224,2,-1,1,1,-1
3225,1,-1,1,1,-1
3226,3,-1,1,1,1
3227,3,1,1,1,-1
3228,3,-1,1,1,-1
3229,1,1,1,1,-1
3230,3,-1,1,1,-1
3231,5,1,1,-1,-1
3232,3,1,1,1,-1
3233,5,-1,1,-1,1
3234,1,1,1,1,-1
3235,-1,1,1,1,1
3236,4,-1,1,1,1
3237,1,1,1,1,-1
3238,5,-1,1,-1,-1
3239,3,-1,1,1,1
3240,-1,-1,1,1,1
3241,5,1,1,-1,-1
3242,1,-1,1,-1,1
3243,4,-1,1,1,-1
3244,2,1,1,1,-1
3245,5,-1,1,-1,-1
3246,4,-1,1,1,-1
3247,4,-1,1,1,-1
3248,3,-1,1,1,-1
3249,2,-1,1,1,-1
3250,4,-1,-1,-1,1
3251,-1,-1,-1,-1,1
3252,0,-1,1,-1,1
3253,4,-1,1,1,-1
3254,1,1,1,1,-1
3255,4,-1,-1,1,1
3256,3,-1,1,1,1
3257,3,1,1,1,-1
3258,-1,-1,-1,-1,-1
3259,1,-1,1,1,-1
3260,-1,-1,1,-1,1
3261,0,1,1,-1,-1
3262,1,1,1,1,-1
3263,1,-1,1,1,-1
3264,-1,-1,-1,-1,-1
3265,-1,-1,-1,-1,-1
3266,5,-1,1,-1,-1
3267,-1,1,1,1,1
3268,0,1,1,-1,-1
3269,4,-1,1,1,1
3270,-1,-1,-1,1,1
3271,4,-1,-1,-1,1
3272,1,-1,1,1,-1
3273,1,-1,1,1,-1
3274,-1,-1,1,1,1
3275,3,1,1,1,-1
3276,3,-1,1,1,1
3277,3,-1,-1,1,1
3278,0,1,1,-1,-1
3279,1,-1,-1,1,1
3280,4,-1,1,1,-1
3281,-1,1,-1,1,1
3282,2,-1,1,1,-1
3283,-1,-1,-1,-1,-1
3284,4,-1,1,1,-1
3285,2,1,1,1,-1
3286,2,1,1,1,-1
3287,0,-1,-1,-1,1
3288,1,1,1,1,-1
3289,1,1,1,1,-1
3290,2,1,1,1,-1
3291,1,-1,1,1,1
3292,5,-1,1,-1,-1
3293,5,-1,1,-1,-1
3294,4,-1,1,1,-1
3295,1,1,1,1,-1
3296,-1,1,-1,-1,1
3297,-1,-1,-1,-1,-1
3298,1,1,1,1,-1
3299,-1,-1,-1,1,1
3300,2,1,1,1,-1
3301,1,-1,1,1,-1
3302,2,1,1,1,-1
3303,-1,-1,-1,-1,-1
3304,2,-1,1,1,-1
3305,1,-1,1,-1,1
3306,4,-1,1,1,1
3307,1,1,1,1,-1
3308,1,-1,1,1,-1
3309,3,-1,1,1,1
3310,4,-1,-1,1,1
3311,-1,-1,-1,1,1
3312,4,-1,1,1,1
3313,1,1,1,1,-1
3314,2,1,1,1,-1
3315,1,1,1,1,-1
3316,-1,-1,1,1,1
3317,-1,-1,-1,-1,1
3318,3,-1,1,-1,1
3319,2,1,1,1,-1
3320,5,-1,1,-1,-1
3321,2,-1,1,1,-1
3322,-1,-1,-1,-1,-1
3323,5,1,1,-1,-1
3324,-1,-1,-1,-1,-1
3325,4,-1,-1,1,1
3326,-1,-1,-1,-1,-1
3327,5,1,1,-1,-1
3328,-1,-1,-1,1,1
3329,2,1,1,1,-1
3330,0,-1,1,-1,1
3331,1,-1,-1,1,1
3332,2,1,1,1,-1
3333,5,-1,1,-1,-1
3334,1,-1,1,1,-1
3335,-1,-1,-1,-1,-1
3336,4,-1,1,1,1
3337,3,-1,1,1,1
3338,2,1,1,1,-1
3339,-1,-1,-1,-1,-1
3340,1,-1,1,1,-1
3341,3,-1,-1,1,1
3342,5,1,1,-1,1
3343,1,1,1,1,-1
3344,4,1,1,1,-1
3345,-1,1,-1,-1,1
3346,-1,-1,1,-1,1
3347,4,-1,1,1,1
3348,4,-1,-1,1,1
3349,3,1,1,1,-1
3350,-1,-1,-1,-1,-1
3351,3,-1,1,1,-1
3352,-1,-1,-1,1,1
3353,2,-1,1,1,-1
3354,3,-1,1,1,-1
3355,4,-1,1,1,1
3356,3,-1,1,1,-1
3357,-1,-1,-1,-1,-1
3358,-1,-1,-1,1,1
3359,3,-1,-1,-1,1
3360,-1,-1,-1,-1,-1
3361,3,-1,1,1,-1
3362,5,1,1,-1,-1
3363,-1,-1,-1,1,1
3364,-1,-1,-1,-1,-1
3365,1,-1,1,1,-1
3366,2,1,1,1,-1
3367,1,-1,-1,1,1
3368,1,-1,1,1,1
3369,3,-1,1,1,-1
3370,-1,-1,-1,-1,1
3371,-1,-1,1,1,1
3372,-1,-1,-1,1,1
3373,1,-1,1,1,-1
3374,1,1,1,1,-1
3375,-1,-1,-1,-1,-1
3376,3,-1,-1,1,1
3377,2,-1,1,1,-1
3378,1,-1,-1,1,1
3379,5,-1,1,-1,-1
3380,4,-1,1,1,-1
3381,4,-1,1,1,1
3382,1,1,1,1,-1
3383,5,1,-1,-1,1
3384,2,1,1,1,-1
3385,1,-1,1,1,-1
3386,-1,-1,-1,1,1
3387,4,-1,-1,-1,1
3388,1,1,1,1,-1
3389,-1,-1,-1,-1,-1
3390,1,-1,1,1,-1
3391,3,1,1,1,-1
3392,1,-1,1,1,-1
3393,5,1,1,-1,-1
3394,5,-1,1,-1,-1
3395,0,1,1,-1,-1
3396,2,-1,1,1,-1
3397,4,-1,1,1,1
3398,-1,-1,-1,-1,-1
3399,3,-1,1,1,1
3400,-1,-1,-1,-1,1
3401,3,-1,1,1,-1
3402,-1,-1,-1,-1,-1
3403,-1,-1,-1,1,1
3404,5,1,1,-1,-1
3405,-1,-1,1,1,1
3406,-1,-1,-1,1,1
3407,4,-1,-1,1,1
3408,1,-1,1,1,-1
3409,1,-1,1,1,-1
3410,2,-1,1,1,-1
3411,-1,-1,1,1,1
3412,1,-1,1,1,-1
3413,1,-1,1,-1,1
3414,5,1,1,-1,-1
3415,0,-1,-1,-1,1
3416,-1,-1,-1,-1,-1
3417,2,1,1,1,-1
3418,5,1,1,-1,-1
3419,4,-1,1,1,1
3420,2,-1,1,1,-1
3421,2,-1,1,1,-1
3422,4,-1,1,1,1
3423,1,-1,1,-1,1
3424,3,-1,-1,1,1
3425,-1,-1,-1,-1,-1
3426,2,1,1,1,-1
3427,3,-1,-1,1,1
3428,5,1,1,-1,-1
3429,5,1,1,-1,-1
3430,3,-1,1,1,-1
3431,4,-1,1,1,1
3432,1,-1,1,1,-1
3433,-1,-1,1,1,1
3434,4,-1,-1,1,1
3435,1,-1,1,1,-1
3436,4,-1,1,1,-1
3437,-1,-1,1,1,1
3438,-1,-1,-1,-1,-1
3439,1,1,1,1,-1
3440,-1,-1,1,1,1
3441,-1,-1,-1,-1,-1
3442,5,1,1,-1,-1
3443,-1,-1,-1,-1,-1
3444,3,-1,1,1,1
3445,5,-1,1,-1,-1
3446,4,-1,1,1,1
3447,1,-1,1,1,-1
3448,1,1,1,1,-1
3449,3,-1,1,1,-1
3450,4,-1,-1,1,1
3451,2,1,1,1,-1
3452,-1,-1,-1,-1,-1
3453,3,-1,1,1,1
3454,2,-1,1,1,-1
3455,1,1,1,1,-1
3456,4,-1,-1,1,1
3457,2,1,1,1,-1
3458,-1,-1,-1,-1,-1
3459,3,-1,1,1,1
3460,-1,-1,-1,-1,1
3461,-1,-1,-1,-1,-1
3462,1,-1,1,1,1
3463,1,1,1,1,-1
3464,2,1,1,1,-1
3465,5,-1,1,-1,-1
3466,2,-1,1,1,-1
3467,1,-1,1,1,-1
3468,1,1,1,1,-1
3469,4,-1,1,1,1
3470,5,-1,1,-1,-1
3471,1,-1,1,1,-1
3472,2,1,1,1,-1
3473,3,-1,-1,1,1
3474,4,-1,1,1,-1
3475,3,-1,1,1,1
3476,-1,-1,1,1,1
3477,3,1,1,1,-1
3478,1,-1,1,1,-1
3479,4,-1,1,1,1
3480,1,-1,-1,1,1
3481,-1,-1,-1,1,1
3482,4,-1,1,1,-1
3483,5,-1,1,-1,-1
3484,4,-1,1,1,1
3485,-1,-1,-1,1,1
3486,3,-1,1,1,1
3487,3,1,1,1,-1
3488,5,-1,1,-1,1
3489,-1,-1,-1,-1,-1
3490,5,1,1,-1,-1
3491,2,-1,1,1,-1
3492,4,-1,1,1,1
3493,5,1,1,-1,-1
3494,3,1,1,1,-1
3495,4,1,1,1,-1
3496,1,-1,-1,1,1
3497,3,1,1,1,-1
3498,4,-1,1,1,1
3499,4,1,1,1,-1
3500,2,-1,1,1,-1
3501,4,-1,1,1,1
3502,2,-1,1,1,-1
3503,-1,-1,-1,-1,-1
3504,3,-1,1,1,-1
3505,-1,1,1,1,1
3506,1,-1,-1,1,1
3507,5,1,1,-1,-1
3508,1,-1,1,1,-1
3509,1,-1,1,1,-1
3510,3,1,1,1,-1
3511,3,1,1,1,-1
3512,3,-1,1,1,1
3513,1,-1,-1,1,1
3514,2,-1,1,1,-1
3515,-1,-1,-1,1,1
3516,-1,-1,-1,-1,-1
3517,4,-1,1,1,1
3518,3,1,1,1,-1
3519,3,-1,1,1,-1
3520,4,-1,1,-1,1
3521,5,-1,1,-1,-1
3522,4,1,1,1,-1
3523,5,1,1,-1,-1
3524,-1,-1,-1,-1,1
3525,-1,-1,-1,-1,-1
3526,4,1,1,-1,1
3527,-1,-1,-1,1,1
3528,1,-1,1,1,-1
3529,1,-1,1,1,-1
3530,5,-1,-1,-1,1
3531,4,-1,-1,1,1
3532,4,1,1,1,-1
3533,1,1,1,1,-1
3534,3,-1,1,1,-1
3535,3,-1,1,1,-1
3536,1,-1,1,1,1
3537,4,-1,1,1,-1
3538,3,-1,1,1,1
3539,4,-1,-1,1,1
3540,1,-1,1,1,1
3541,5,1,1,-1,-1
3542,4,-1,-1,1,1
3543,4,-1,1,1,1
3544,5,-1,1,-1,-1
3545,1,-1,-1,1,1
3546,3,-1,-1,1,1
3547,1,1,1,1,-1
3548,-1,-1,-1,1,1
3549,2,1,1,1,-1
3550,1,-1,1,1,-1
3551,3,-1,1,1,1
3552,1,1,1,1,-1
3553,4,-1,-1,1,1
3554,1,-1,-1,1,1
3555,-1,-1,-1,-1,1
3556,4,-1,1,1,-1
3557,4,1,1,1,-1
3558,3,-1,1,1,-1
3559,5,1,-1,-1,1
3560,3,-1,1,1,1
3561,2,-1,1,1,-1
3562,4,-1,1,1,-1
3563,5,1,1,-1,-1
3564,-1,-1,-1,-1,-1
3565,-1,-1,1,1,1
3566,-1,-1,-1,-1,-1
3567,5,-1,1,-1,1
3568,-1,-1,1,-1,1
3569,4,-1,1,1,-1
3570,3,-1,1,1,-1
3571,-1,-1,1,1,1
3572,2,-1,1,1,-1
3573,4,1,1,1,-1
3574,-1,-1,-1,-1,-1
3575,3,-1,1,1,-1
3576,1,-1,-1,1,1
3577,1,-1,-1,1,1
3578,-1,-1,-1,1,1
3579,1,1,1,1,-1
3580,-1,-1,-1,-1,-1
3581,4,-1,1,1,1
3582,2,1,1,1,-1
3583,1,-1,1,1,-1
3584,5,-1,1,-1,-1
3585,3,-1,-1,1,1
3586,2,-1,1,1,-1
3587,-1,-1,-1,-1,-1
3588,4,-1,1,1,1
3589,4,-1,-1,1,1
3590,2,1,1,1,-1
3591,0,-1,1,-1,-1
3592,5,-1,1,-1,-1
3593,5,-1,1,-1,-1
3594,3,1,1,1,-1
3595,3,-1,1,1,1
3596,-1,-1,-1,-1,-1
3597,2,-1,1,1,-1
3598,1,-1,1,1,-1
3599,1,-1,1,1,-1
3600,5,1,-1,-1,1
3601,4,1,1,1,-1
3602,3,1,1,1,1
3603,5,-1,1,-1,-1
3604,5,1,1,-1,-1
3605,4,-1,-1,1,1
3606,-1,-1,1,1,1
3607,3,-1,1,1,-1
3608,5,1,1,-1,-1
3609,1,-1,1,1,-1
3610,3,-1,1,1,1
3611,-1,-1,1,1,1
3612,1,-1,1,1,1
3613,4,-1,1,1,-1
3614,3,-1,1,1,-1
3615,1,1,1,1,-1
3616,1,1,1,1,-1
3617,2,1,1,1,-1
3618,4,-1,1,1,1
3619,3,1,1,1,-1
3620,-1,-1,-1,-1,-1
3621,2,1,1,1,-1
3622,2,1,1,1,-1
3623,5,-1,1,-1,-1
3624,3,1,1,1,-1
3625,2,1,1,1,-1
3626,5,-1,1,-1,-1
3627,-1,-1,-1,-1,-1
3628,3,-1,1,1,1
3629,1,-1,-1,1,1
3630,-1,-1,-1,-1,1
3631,1,-1,-1,1,1
3632,1,-1,1,-1,1
3633,4,1,1,1,-1
3634,3,-1,-1,1,1
3635,-1,-1,1,1,1
3636,-1,-1,1,1,1
3637,3,-1,1,1,-1
3638,1,-1,1,1,-1
3639,1,-1,1,1,-1
3640,2,-1,1,1,-1
3641,4,-1,1,1,-1
3642,3,-1,1,1,1
3643,5,-1,1,-1,-1
3644,-1,1,1,-1,1
3645,0,1,1,-1,1
3646,2,-1,1,1,-1
3647,2,-1,1,1,-1
3648,2,1,1,1,-1
3649,5,1,1,-1,-1
3650,3,-1,1,1,1
3651,0,-1,-1,-1,1
3652,-1,-1,-1,-1,-1
3653,-1,-1,1,-1,1
3654,-1,-1,-1,-1,-1
3655,3,-1,1,1,1
3656,4,-1,-1,1,1
3657,5,-1,1,-1,1
3658,3,-1,1,1,-1
3659,-1,-1,-1,1,1
3660,-1,-1,-1,-1,-1
3661,-1,-1,1,1,1
3662,4,-1,1,1,-1
3663,5,1,1,-1,-1
3664,1,1,1,1,-1
3665,5,1,1,-1,-1
3666,-1,1,-1,1,1
3667,-1,-1,-1,-1,-1
3668,2,-1,1,1,-1
3669,-1,-1,-1,-1,-1
3670,-1,-1,1,-1,1
3671,3,-1,1,1,-1
3672,3,-1,-1,1,1
3673,5,1,1,-1,1
3674,2,1,1,1,-1
3675,2,-1,1,1,-1
3676,5,-1,1,-1,-1
3677,5,1,1,-1,-1
3678,4,-1,1,1,-1
3679,3,-1,1,1,1
3680,2,1,1,1,-1
3681,3,-1,1,-1,1
3682,1,-1,1,1,-1
3683,5,-1,1,-1,-1
3684,3,1,1,1,-1
3685,2,-1,1,1,-1
3686,2,1,1,1,-1
3687,3,-1,1,1,1
3688,3,-1,1,1,1
3689,5,1,1,-1,-1
3690,-1,-1,-1,1,1
3691,3,-1,1,1,1
3692,4,-1,-1,1,1
3693,3,-1,1,1,-1
3694,3,-1,1,1,-1
3695,5,1,1,-1,-1
3696,1,-1,1,1,-1
3697,4,-1,1,1,1
3698,1,-1,1,1,-1
3699,2,-1,1,1,-1
3700,1,1,1,1,-1
3701,2,-1,1,1,-1
3702,4,-1,1,1,-1
3703,5,-1,1,-1,-1
3704,2,1,1,1,-1
3705,3,1,1,1,-1
3706,3,-1,1,1,-1
3707,4,-1,-1,1,1
3708,1,1,1,1,-1
3709,4,1,1,1,-1
3710,3,-1,-1,1,1
3711,-1,-1,-1,-1,1
3712,-1,-1,-1,-1,-1
3713,1,1,1,1,-1
3714,-1,-1,-1,-1,1
3715,5,-1,1,-1,-1
3716,4,1,1,1,-1
3717,2,1,1,1,-1
3718,-1,-1,-1,1,1
3719,1,-1,-1,1,1
3720,-1,-1,-1,1,1
3721,4,-1,1,1,-1
3722,4,1,1,1,-1
3723,-1,1,1,-1,1
3724,1,-1,1,1,-1
3725,5,1,1,-1,-1
3726,2,-1,1,1,-1
3727,1,1,1,1,-1
3728,-1,-1,1,-1,1
3729,4,-1,1,1,-1
3730,-1,-1,1,1,1
3731,3,-1,1,1,-1
3732,-1,-1,-1,-1,-1
3733,2,-1,1,1,-1
3734,0,-1,1,-1,-1
3735,3,-1,1,1,-1
3736,-1,-1,-1,1,1
3737,3,-1,1,1,-1
3738,5,1,1,-1,-1
3739,-1,-1,-1,-1,-1
3740,-1,-1,-1,1,1
3741,3,-1,1,1,1
3742,-1,-1,-1,-1,1
3743,5,-1,-1,1,1
3744,3,-1,1,1,-1
3745,-1,-1,1,1,1
3746,1,-1,1,1,-1
3747,1,1,1,1,-1
3748,-1,-1,-1,1,1
3749,-1,-1,-1,1,1
3750,3,1,1,1,-1
3751,3,1,1,1,-1
3752,1,-1,1,1,-1
3753,4,1,1,1,-1
3754,3,-1,1,-1,1
3755,-1,-1,-1,-1,-1
3756,3,-1,1,1,-1
3757,3,-1,1,1,1
3758,-1,-1,-1,1,1
3759,5,1,1,-1,-1
3760,3,-1,1,1,-1
3761,1,-1,1,1,1
3762,-1,-1,-1,1,1
3763,3,1,1,1,-1
3764,3,-1,-1,1,1
3765,2,1,1,1,-1
3766,-1,-1,-1,1,1
3767,4,1,1,1,-1
3768,-1,-1,1,1,1
3769,-1,-1,1,-1,1
3770,2,-1,1,1,-1
3771,1,-1,1,1,1
3772,4,-1,1,1,1
3773,1,-1,1,1,-1
3774,1,-1,1,1,1
3775,2,-1,1,1,-1
3776,-1,-1,-1,-1,-1
3777,4,1,1,1,-1
3778,5,-1,1,-1,-1
3779,1,1,1,1,-1
3780,5,-1,-1,-1,1
3781,3,1,1,1,-1
3782,-1,-1,-1,-1,-1
3783,-1,-1,-1,-1,-1
3784,3,-1,-1,1,1
3785,3,-1,-1,1,1
3786,2,-1,1,1,-1
3787,2,-1,1,1,-1
3788,4,-1,1,1,-1
3789,5,-1,1,-1,-1
3790,1,-1,1,-1,1
3791,3,-1,1,1,1
3792,-1,-1,-1,-1,-1
3793,1,-1,1,1,-1
3794,5,-1,1,-1,-1
3795,-1,-1,-1,-1,-1
3796,3,-1,1,1,1
3797,3,-1,-1,1,1
3798,4,-1,1,1,-1
3799,2,-1,1,1,-1
3800,4,1,1,1,-1
3801,3,-1,-1,-1,1
3802,-1,-1,-1,-1,-1
3803,-1,-1,1,1,1
3804,-1,-1,-1,-1,1
3805,1,-1,-1,1,1
3806,3,-1,1,1,-1
3807,1,1,1,1,-1
3808,-1,-1,-1,-1,-1
3809,2,1,1,1,-1
3810,4,-1,1,1,-1
3811,1,1,1,1,-1
3812,3,1,1,1,-1
3813,4,1,1,1,-1
3814,1,-1,1,1,1
3815,5,1,1,-1,-1
3816,1,-1,1,1,-1
3817,3,1,1,1,-1
3818,3,1,1,1,1
3819,-1,-1,1,-1,1
3820,1,-1,1,1,1
3821,-1,-1,1,1,1
3822,5,1,1,-1,-1
3823,4,-1,1,1,1
3824,4,-1,1,1,1
3825,5,-1,1,-1,-1
3826,3,-1,-1,1,1
3827,4,-1,-1,1,1
3828,4,-1,-1,1,1
3829,-1,-1,1,-1,1
3830,-1,-1,-1,1,1
3831,4,-1,-1,1,1
3832,5,-1,1,-1,1
3833,5,1,1,-1,-1
3834,4,-1,1,1,1
3835,-1,-1,-1,-1,-1
3836,3,-1,1,1,-1
3837,4,-1,-1,1,1
3838,4,-1,-1,1,1
3839,4,-1,-1,-1,1
3840,2,-1,1,1,-1
3841,1,-1,1,1,-1
3842,1,-1,-1,1,1
3843,-1,-1,-1,-1,-1
3844,-1,-1,-1,-1,-1
3845,4,-1,-1,1,1
3846,-1,-1,1,1,1
3847,2,-1,1,1,-1
3848,4,-1,1,1,1
3849,3,-1,-1,-1,1
3850,4,-1,-1,1,1
3851,4,1,1,1,-1
3852,4,1,1,1,-1
3853,-1,-1,1,1,1
3854,4,-1,-1,-1,1
3855,-1,1,-1,1,1
3856,4,-1,1,1,-1
3857,-1,-1,-1,1,1
3858,-1,-1,-1,-1,-1
3859,3,-1,1,1,1
3860,5,-1,1,-1,-1
3861,3,-1,-1,1,1
3862,2,1,1,1,-1
3863,3,-1,1,1,-1
3864,1,-1,1,-1,1
3865,4,-1,-1,1,1
3866,4,-1,1,1,1
3867,4,-1,-1,-1,1
3868,5,1,1,-1,-1
3869,3,-1,1,1,1
3870,-1,-1,-1,-1,1
3871,1,-1,-1,1,1
3872,-1,-1,-1,1,1
3873,3,-1,1,1,-1
3874,1,1,1,1,-1
3875,4,-1,1,1,1
3876,-1,-1,-1,1,1
3877,3,-1,1,1,1
3878,5,-1,1,-1,-1
3879,-1,-1,-1,1,1
3880,1,1,1,1,-1
3881,-1,1,-1,1,1
3882,5,1,1,-1,-1
3883,4,-1,1,1,1
3884,3,-1,1,1,-1
3885,5,1,1,-1,-1
3886,2,-1,1,1,-1
3887,1,-1,1,1,-1
3888,-1,-1,-1,-1,-1
3889,-1,-1,-1,-1,-1
3890,5,-1,1,-1,-1
3891,-1,-1,-1,1,1
3892,3,1,1,1,-1
3893,-1,-1,-1,1,1
3894,-1,-1,-1,1,1
3895,2,-1,1,1,-1
3896,1,1,1,1,-1
3897,1,1,1,1,-1
3898,-1,-1,-1,1,1
3899,4,-1,1,-1,1
3900,5,1,1,-1,-1
3901,1,1,1,1,-1
3902,3,1,1,1,-1
3903,4,-1,1,1,-1
3904,3,-1,1,1,1
3905,2,-1,1,1,-1
3906,5,1,1,-1,-1
3907,-1,-1,-1,1,1
3908,-1,-1,1,1,1
3909,1,1,1,1,-1
3910,1,1,1,1,-1
3911,4,-1,1,1,-1
3912,1,-1,1,1,-1
3913,4,-1,-1,1,1
3914,1,-1,1,1,-1
3915,1,-1,1,1,-1
3916,4,-1,1,1,-1
3917,-1,-1,-1,1,1
3918,-1,-1,-1,1,1
3919,3,-1,-1,1,1
3920,3,1,1,1,-1
3921,3,-1,1,1,-1
3922,2,1,1,1,-1
3923,-1,-1,-1,-1,-1
3924,2,1,1,1,-1
3925,2,1,1,1,-1
3926,1,1,1,1,-1
3927,4,-1,1,1,1
3928,5,-1,1,-1,-1
3929,4,-1,1,1,1
3930,2,-1,1,1,-1
3931,-1,-1,-1,-1,-1
3932,3,-1,1,1,1
3933,-1,-1,1,-1,1
3934,1,-1,1,1,1
3935,4,1,1,1,-1
3936,1,-1,1,1,-1
3937,4,-1,1,-1,1
3938,3,-1,1,1,-1
3939,5,-1,1,-1,-1
3940,2,1,1,1,-1
3941,3,-1,1,1,-1
3942,-1,-1,1,1,1
3943,4,-1,-1,1,1
3944,3,-1,-1,-1,1
3945,5,1,1,-1,-1
3946,4,-1,1,1,1
3947,3,-1,1,1,1
3948,2,1,1,1,-1
3949,2,-1,1,1,-1
3950,-1,-1,-1,-1,-1
3951,5,-1,1,-1,-1
3952,-1,-1,-1,1,1
3953,4,-1,-1,1,1
3954,4,1,1,1,-1
3955,1,-1,1,1,1
3956,1,-1,-1,-1,1
3957,3,-1,1,1,-1
3958,-1,-1,1,1,1
3959,1,-1,1,1,1
3960,4,-1,-1,1,1
3961,3,-1,1,1,-1
3962,-1,-1,-1,1,1
3963,3,-1,1,1,1
3964,4,1,1,1,-1
3965,4,-1,-1,1,1
3966,1,1,1,1,-1
3967,3,1,1,1,-1
3968,1,1,1,1,-1
3969,2,-1,1,1,-1
3970,1,-1,1,1,1
3971,3,-1,-1,1,1
3972,-1,-1,-1,-1,-1
3973,5,1,1,-1,-1
3974,3,-1,1,1,1
3975,3,-1,1,1,-1
3976,1,1,1,1,-1
3977,-1,-1,-1,1,1
3978,5,1,1,-1,-1
3979,2,-1,1,1,-1
3980,0,-1,1,-1,-1
3981,-1,-1,-1,-1,-1
3982,4,1,1,1,-1
3983,2,-1,1,1,-1
3984,5,-1,1,-1,-1
3985,4,-1,1,1,-1
3986,-1,-1,-1,-1,-1
3987,3,-1,-1,1,1
3988,3,-1,1,1,1
3989,-1,-1,1,-1,1
3990,1,-1,-1,1,1
3991,-1,-1,1,1,1
3992,1,1,1,1,-1
3993,3,-1,1,1,-1
3994,1,-1,-1,1,1
3995,2,1,1,1,-1
3996,2,1,1,1,-1
3997,1,1,1,1,-1
3998,5,1,1,-1,-1
3999,3,-1,1,1,1
4000,5,-1,1,-1,-1
4001,-1,-1,-1,-1,-1
4002,0,1,1,-1,-1
4003,-1,-1,-1,-1,-1
4004,-1,-1,-1,-1,-1
4005,-1,-1,-1,1,1
4006,1,1,1,1,-1
4007,0,-1,1,1,1
4008,-1,-1,-1,-1,1
4009,-1,-1,1,1,1
4010,4,-1,-1,1,1
4011,1,-1,1,1,-1
4012,-1,-1,-1,-1,-1
4013,4,-1,1,-1,1
4014,-1,-1,1,1,1
4015,-1,-1,-1,-1,-1
4016,-1,-1,-1,-1,-1
4017,3,-1,1,1,1
4018,3,-1,-1,1,1
4019,5,1,1,-1,-1
4020,-1,-1,1,1,1
4021,-1,-1,1,1,1
4022,2,1,1,1,-1
4023,-1,-1,-1,1,1
4024,1,1,1,1,-1
4025,3,-1,1,1,-1
4026,-1,-1,1,1,1
4027,1,-1,1,1,-1
4028,1,-1,1,1,-1
4029,5,-1,-1,-1,1
4030,5,1,1,-1,-1
4031,3,-1,1,1,1
4032,4,1,1,1,-1
4033,-1,-1,-1,-1,-1
4034,5,-1,1,-1,-1
4035,0,-1,1,1,1
4036,-1,-1,1,1,1
4037,4,-1,-1,1,1
4038,-1,-1,-1,-1,-1
4039,4,-1,1,1,-1
4040,-1,-1,1,1,1
4041,5,1,1,-1,-1
4042,3,1,1,1,-1
4043,2,1,1,1,-1
4044,3,-1,1,1,1
4045,-1,-1,-1,-1,-1
4046,-1,-1,1,-1,1
4047,4,-1,1,1,1
4048,2,1,1,1,-1
4049,-1,-1,-1,-1,-1
4050,4,-1,1,1,-1
4051,-1,-1,-1,1,1
4052,3,-1,1,-1,1
4053,5,-1,1,-1,-1
4054,-1,-1,-1,-1,-1
4055,1,1,1,1,-1
4056,4,-1,1,1,-1
4057,1,1,1,1,-1
4058,4,-1,-1,1,1
4059,3,-1,1,1,-1
4060,2,-1,1,1,-1
4061,5,-1,1,-1,-1
4062,3,-1,-1,1,1
4063,5,-1,-1,-1,1
4064,-1,-1,-1,-1,-1
4065,4,-1,-1,1,1
4066,4,-1,1,1,-1
4067,4,1,1,1,-1
4068,1,-1,1,1,-1
4069,1,1,1,1,-1
4070,3,-1,1,1,1
4071,4,-1,1,1,1
4072,5,1,1,-1,-1
4073,1,1,1,1,-1
4074,3,1,1,1,-1
4075,4,-1,1,1,1
4076,3,-1,1,1,1
4077,5,1,1,-1,-1
4078,5,1,1,-1,-1
4079,1,-1,1,1,1
4080,-1,-1,-1,1,1
4081,3,-1,1,1,1
4082,-1,-1,1,1,1
4083,1,-1,1,1,1
4084,2,1,1,1,-1
4085,3,-1,-1,1,1
4086,3,-1,-1,1,1
4087,-1,-1,1,1,1
4088,1,1,1,1,-1
4089,5,-1,1,-1,-1
4090,2,1,1,1,-1
4091,3,-1,1,1,1
4092,3,-1,1,1,-1
4093,2,-1,1,1,-1
4094,4,1,1,1,-1
4095,-1,-1,-1,1,1
4096,4,1,1,1,-1
4097,2,-1,1,1,-1
4098,1,-1,1,1,-1
4099,-1,-1,1,-1,1
4100,1,-1,1,1,-1
4101,-1,-1,-1,-1,1
4102,1,1,1,1,-1
4103,1,-1,1,1,-1
4104,2,1,1,1,-1
4105,1,-1,1,1,1
4106,-1,-1,-1,-1,-1
4107,-1,-1,-1,1,1
4108,4,-1,1,-1,1
4109,3,-1,-1,1,1
4110,4,-1,-1,1,1
4111,5,-1,1,-1,-1
4112,4,-1,1,1,1
4113,3,-1,1,1,1
4114,5,-1,1,-1,-1
4115,4,-1,1,1,1
4116,1,-1,1,1,-1
4117,3,-1,1,1,1
4118,1,-1,1,1,-1
4119,4,1,1,1,-1
4120,3,-1,1,1,1
4121,4,-1,-1,1,1
4122,1,-1,1,1,1
4123,2,1,1,1,-1
4124,1,1,1,1,-1
4125,-1,-1,-1,1,1
4126,4,-1,1,1,-1
4127,5,1,-1,-1,1
4128,5,-1,1,-1,1
4129,1,-1,1,-1,1
4130,1,-1,1,1,-1
4131,3,-1,-1,1,1
4132,2,1,1,1,-1
4133,1,-1,1,1,1
4134,1,1,1,1,-1
4135,3,1,1,1,-1
4136,3,1,1,1,-1
4137,1,1,1,1,-1
4138,3,1,1,1,-1
4139,-1,1,-1,-1,1
4140,2,1,1,1,-1
4141,3,-1,1,1,-1
4142,4,-1,1,1,1
4143,1,-1,1,1,-1
4144,2,-1,1,1,-1
4145,1,1,1,1,-1
4146,-1,-1,1,1,1
4147,1,-1,1,1,-1
4148,-1,-1,-1,-1,-1
4149,-1,1,1,-1,1
4150,2,-1,1,1,-1
4151,5,1,1,-1,-1
4152,2,-1,1,1,-1
4153,4,-1,-1,1,1
4154,-1,-1,-1,-1,-1
4155,2,-1,1,1,-1
4156,5,1,1,-1,-1
4157,1,-1,-1,1,1
4158,1,-1,1,1,-1
4159,4,-1,1,1,-1
4160,3,-1,1,1,-1
4161,1,-1,1,1,-1
4162,4,1,1,1,-1
4163,-1,-1,1,1,1
4164,3,-1,-1,1,1
4165,4,-1,1,-1,1
4166,3,-1,1,1,1
4167,-1,-1,-1,1,1
4168,1,-1,-1,-1,1
4169,4,-1,-1,-1,1
4170,1,1,1,1,-1
4171,-1,-1,1,1,1
4172,1,-1,-1,-1,1
4173,3,1,1,1,-1
4174,4,-1,1,1,1
4175,5,1,1,-1,-1
4176,-1,-1,-1,-1,-1
4177,2,1,1,1,-1
4178,3,-1,1,1,-1
4179,-1,-1,-1,-1,-1
4180,2,1,1,1,-1
4181,2,-1,1,1,-1
4182,2,-1,1,1,-1
4183,-1,-1,-1,-1,-1
4184,3,1,1,1,-1
4185,3,-1,-1,1,1
4186,-1,-1,-1,-1,-1
4187,2,-1,1,1,-1
4188,3,-1,-1,1,1
4189,1,-1,1,1,-1
4190,3,1,1,1,-1
4191,2,1,1,1,-1
4192,-1,-1,-1,1,1
4193,1,-1,1,1,1
4194,3,-1,1,1,-1
4195,4,-1,1,1,-1
4196,1,-1,-1,1,1
4197,-1,-1,-1,1,1
4198,2,-1,1,1,-1
4199,-1,-1,-1,-1,-1
4200,3,-1,1,1,-1
4201,1,1,1,1,-1
4202,2,-1,1,1,-1
4203,2,1,1,1,-1
4204,2,-1,1,1,-1
4205,5,-1,1,-1,-1
4206,3,-1,1,1,-1
4207,3,-1,1,1,1
4208,5,1,1,-1,-1
4209,3,-1,1,1,1
4210,-1,-1,-1,-1,-1
4211,-1,-1,-1,-1,-1
4212,3,1,1,1,-1
4213,0,-1,1,-1,-1
4214,3,-1,1,1,-1
4215,1,-1,1,-1,1
4216,-1,-1,-1,-1,-1
4217,3,-1,1,1,-1
4218,4,-1,-1,1,1
4219,5,-1,1,-1,-1
4220,3,1,1,1,-1
4221,5,1,1,-1,-1
4222,0,1,1,-1,-1
4223,2,1,1,1,-1
4224,1,-1,-1,1,1
4225,-1,-1,-1,-1,-1
4226,3,-1,1,1,1
4227,3,1,1,1,-1
4228,2,1,1,1,-1
4229,-1,-1,-1,1,1
4230,5,1,1,-1,-1
4231,1,-1,1,1,1
4232,4,-1,-1,-1,1
4233,3,-1,-1,1,1
4234,-1,-1,-1,1,1
4235,1,-1,1,1,1
4236,2,-1,1,1,-1
4237,-1,-1,-1,1,1
4238,4,-1,1,1,1
4239,2,1,1,1,-1
4240,3,-1,1,1,-1
4241,1,-1,1,1,1
4242,3,-1,1,1,-1
4243,-1,-1,-1,-1,-1
4244,4,-1,1,1,-1
4245,-1,-1,-1,-1,-1
4246,-1,-1,-1,-1,-1
4247,1,-1,1,1,-1
4248,2,-1,1,1,-1
4249,3,-1,1,1,-1
4250,1,-1,-1,1,1
4251,3,-1,-1,1,1
4252,1,-1,1,1,-1
4253,5,1,1,-1,-1
4254,-1,-1,-1,-1,-1
4255,1,1,1,1,-1
4256,2,1,1,1,-1
4257,5,-1,-1,-1,1
4258,1,-1,1,1,-1
4259,-1,-1,-1,-1,-1
4260,1,-1,-1,1,1
4261,5,-1,1,-1,-1
4262,-1,-1,-1,-1,-1
4263,2,1,1,1,-1
4264,0,1,1,-1,-1
4265,2,-1,1,1,-1
4266,5,-1,1,-1,1
4267,-1,-1,1,1,1
4268,3,-1,1,1,-1
4269,5,-1,1,-1,-1
4270,2,1,1,1,-1
4271,-1,-1,-1,1,1
4272,3,1,1,1,-1
4273,3,-1,-1,-1,1
4274,1,1,1,1,-1
4275,3,-1,1,1,-1
4276,-1,-1,-1,-1,1
4277,1,-1,-1,1,1
4278,3,-1,1,1,-1
4279,3,1,1,1,-1
4280,-1,-1,-1,-1,-1
4281,5,-1,1,-1,1
4282,1,-1,1,1,-1
4283,-1,-1,-1,-1,-1
4284,3,1,1,1,-1
4285,1,1,1,1,-1
4286,1,1,1,1,-1
4287,1,1,1,1,-1
4288,4,-1,-1,-1,1
4289,5,-1,1,-1,-1
4290,3,-1,1,1,1
4291,1,-1,1,1,-1
4292,3,-1,1,1,-1
4293,-1,-1,-1,1,1
4294,-1,-1,-1,-1,-1
4295,5,1,-1,-1,1
4296,5,1,1,-1,-1
4297,1,1,1,1,-1
4298,2,-1,1,1,-1
4299,3,-1,-1,1,1
4300,0,-1,1,-1,1
4301,5,-1,1,-1,-1
4302,-1,-1,-1,-1,-1
4303,2,1,1,1,-1
4304,1,-1,1,1,-1
4305,-1,-1,1,1,1
4306,5,1,1,-1,-1
4307,1,1,1,1,-1
4308,4,-1,-1,1,1
4309,-1,-1,-1,-1,-1
4310,1,-1,1,1,-1
4311,-1,-1,-1,-1,-1
4312,1,-1,1,1,-1
4313,-1,-1,-1,1,1
4314,5,-1,-1,-1,1
4315,5,1,1,-1,-1
4316,4,-1,1,1,1
4317,4,-1,1,1,1
4318,0,-1,1,-1,1
4319,-1,-1,-1,-1,-1
4320,-1,-1,-1,-1,-1
4321,1,-1,1,1,-1
4322,3,-1,1,1,-1
4323,-1,-1,-1,-1,1
4324,1,1,1,1,-1
4325,-1,-1,-1,-1,-1
4326,2,-1,1,1,-1
4327,1,1,1,1,-1
4328,4,-1,-1,1,1
4329,3,-1,1,-1,1
4330,-1,-1,-1,1,1
4331,-1,-1,-1,-1,-1
4332,-1,-1,-1,1,1
4333,-1,-1,1,-1,1
4334,2,-1,1,1,-1
4335,-1,-1,1,-1,1
4336,-1,-1,1,1,1
4337,3,-1,-1,1,1
4338,3,-1,-1,1,1
4339,3,-1,1,1,-1
4340,1,-1,1,1,-1
4341,1,-1,1,1,-1
4342,-1,-1,1,-1,1
4343,-1,-1,-1,1,1
4344,3,1,1,1,-1
4345,3,-1,1,1,1
4346,-1,-1,-1,-1,-1
4347,-1,-1,1,1,1
4348,1,-1,-1,1,1
4349,4,-1,1,1,1
4350,-1,-1,-1,1,1
4351,2,-1,1,1,-1
4352,4,-1,1,1,-1
4353,-1,-1,1,1,1
4354,-1,-1,1,1,1
4355,1,-1,1,1,1
4356,1,1,1,1,-1
4357,1,1,1,1,-1
4358,-1,-1,-1,1,1
4359,1,-1,-1,1,1
4360,4,1,1,1,-1
4361,3,-1,1,1,1
4362,2,-1,1,1,-1
4363,-1,-1,1,1,1
4364,2,1,1,1,-1
4365,1,1,1,1,-1
4366,5,-1,1,-1,-1
4367,-1,-1,-1,-1,-1
4368,2,-1,1,1,-1
4369,-1,-1,-1,1,1
4370,-1,-1,-1,1,1
4371,1,-1,1,-1,1
4372,1,1,1,1,-1
4373,3,-1,1,-1,1
4374,5,1,1,-1,-1
4375,-1,-1,1,1,1
4376,1,-1,1,1,1
4377,-1,-1,-1,-1,-1
4378,4,1,1,-1,1
4379,1,-1,1,1,-1
4380,-1,-1,-1,-1,-1
4381,4,-1,-1,1,1
4382,3,-1,1,1,-1
4383,-1,-1,-1,1,1
4384,5,1,1,-1,-1
4385,1,-1,1,1,-1
4386,1,-1,1,1,1
4387,1,-1,1,1,-1
4388,3,-1,1,1,-1
4389,1,1,1,1,-1
4390,1,-1,1,1,-1
4391,3,-1,1,1,-1
4392,-1,-1,-1,-1,1
4393,1,1,1,1,-1
4394,-1,-1,1,-1,1
4395,1,-1,1,1,-1
4396,2,-1,1,1,-1
4397,-1,-1,-1,-1,-1
4398,4,-1,1,1,-1
4399,5,1,1,-1,-1
4400,2,-1,1,1,-1
4401,1,-1,1,-1,1
4402,4,-1,-1,1,1
4403,5,-1,1,-1,-1
4404,1,-1,1,1,1
4405,-1,-1,-1,1,1
4406,-1,-1,-1,1,1
4407,5,-1,1,-1,-1
4408,-1,-1,-1,-1,-1
4409,4,1,1,1,-1
4410,1,-1,1,1,1
4411,2,-1,1,1,-1
4412,-1,-1,-1,1,1
4413,-1,-1,-1,-1,-1
4414,5,1,1,-1,-1
4415,4,-1,1,1,-1
4416,4,-1,1,1,-1
4417,3,-1,-1,-1,1
4418,3,-1,-1,1,1
4419,4,1,1,1,-1
4420,3,-1,1,1,-1
4421,-1,-1,-1,1,1
4422,2,-1,1,1,-1
4423,1,-1,1,1,-1
4424,1,1,1,1,-1
4425,-1,1,-1,1,1
4426,1,-1,1,1,-1
4427,-1,-1,-1,-1,-1
4428,-1,-1,1,1,1
4429,3,-1,-1,1,1
4430,2,-1,1,1,-1
4431,3,-1,1,-1,1
4432,3,-1,-1,1,1
4433,5,-1,1,-1,-1
4434,4,-1,-1,1,1
4435,-1,-1,-1,1,1
4436,3,1,1,1,-1
4437,4,-1,-1,1,1
4438,-1,-1,1,1,1
4439,2,1,1,1,-1
4440,5,1,1,-1,-1
4441,2,1,1,1,-1
4442,1,-1,-1,1,1
4443,4,-1,1,1,-1
4444,1,-1,1,-1,1
4445,1,1,1,1,-1
4446,1,-1,1,1,1
4447,-1,-1,-1,-1,1
4448,4,-1,1,1,1
4449,-1,-1,1,-1,1
4450,3,-1,-1,1,1
4451,3,-1,1,1,-1
4452,3,1,1,1,-1
4453,4,1,1,1,-1
4454,3,-1,1,1,1
4455,-1,-1,-1,1,1
4456,3,-1,1,1,1
4457,3,-1,1,1,-1
4458,3,-1,1,1,-1
4459,4,1,1,1,-1
4460,1,-1,1,1,1
4461,4,-1,-1,1,1
4462,-1,-1,-1,-1,-1
4463,4,1,1,1,1
4464,5,1,-1,-1,1
4465,3,1,1,1,-1
4466,4,-1,-1,1,1
4467,3,-1,1,1,-1
4468,5,1,1,-1,-1
4469,1,-1,1,1,-1
4470,3,-1,1,1,1
4471,2,-1,1,1,-1
4472,1,1,1,1,-1
4473,-1,-1,-1,-1,-1
4474,5,-1,1,-1,-1
4475,2,-1,1,1,-1
4476,4,-1,1,-1,1
4477,3,-1,-1,1,1
4478,2,-1,1,1,-1
4479,3,1,1,1,-1
4480,-1,-1,-1,1,1
4481,4,-1,1,1,-1
4482,3,-1,-1,1,1
4483,3,-1,1,1,1
4484,3,-1,1,-1,1
4485,3,-1,1,1,-1
4486,4,-1,-1,1,1
4487,5,-1,1,-1,-1
4488,5,-1,1,-1,-1
4489,5,1,1,-1,-1
4490,2,1,1,1,-1
4491,1,-1,-1,1,1
4492,4,-1,1,1,1
4493,3,1,1,1,-1
4494,2,1,1,1,-1
4495,-1,-1,-1,1,1
4496,3,-1,1,1,1
4497,4,-1,1,-1,1
4498,1,1,1,1,-1
4499,4,-1,-1,-1,1
4500,1,1,1,1,-1
4501,4,-1,-1,1,1
4502,-1,-1,1,-1,1
4503,3,1,1,1,-1
4504,2,-1,1,1,-1
4505,1,-1,1,-1,1
4506,-1,-1,-1,-1,-1
4507,5,-1,1,-1,-1
4508,-1,-1,-1,1,1
4509,4,-1,1,1,-1
4510,5,1,1,-1,-1
4511,-1,-1,-1,-1,-1
4512,1,-1,1,1,-1
4513,-1,-1,-1,-1,-1
4514,4,-1,1,-1,1
4515,3,-1,1,1,1
4516,3,1,1,1,-1
4517,5,1,1,-1,-1
4518,2,1,1,1,-1
4519,-1,-1,1,1,1
4520,-1,-1,1,-1,1
4521,2,-1,1,1,-1
4522,-1,-1,1,1,1
4523,3,-1,1,1,-1
4524,-1,-1,-1,-1,-1
4525,1,1,1,1,-1
4526,1,-1,1,1,-1
4527,4,-1,-1,1,1
4528,1,-1,1,1,-1
4529,5,-1,1,-1,-1
4530,1,-1,1,1,1
4531,-1,-1,-1,1,1
4532,1,-1,1,1,1
4533,3,1,-1,1,1
4534,-1,-1,1,1,1
4535,0,-1,1,-1,1
4536,2,-1,1,1,-1
4537,4,1,1,1,-1
4538,4,-1,1,1,-1
4539,3,1,1,1,-1
4540,2,1,1,1,-1
4541,-1,-1,-1,-1,-1
4542,-1,-1,-1,-1,-1
4543,0,1,1,-1,-1
4544,1,-1,1,-1,1
4545,2,-1,1,1,-1
4546,3,-1,1,1,1
4547,5,1,1,-1,-1
4548,-1,-1,-1,1,1
4549,-1,-1,-1,-1,-1
4550,4,-1,-1,1,1
4551,1,-1,1,1,-1
4552,1,-1,1,1,1
4553,3,-1,1,1,-1
4554,4,1,1,1,-1
4555,4,-1,1,-1,1
4556,2,1,1,1,-1
4557,3,1,1,1,-1
4558,3,1,1,1,-1
4559,4,-1,-1,1,1
4560,5,1,1,-1,-1
4561,2,-1,1,1,-1
4562,-1,-1,-1,-1,-1
4563,-1,-1,-1,1,1
4564,2,-1,1,1,-1
4565,-1,-1,1,1,1
4566,1,-1,-1,1,1
4567,-1,-1,-1,1,1
4568,1,1,1,1,-1
4569,4,-1,-1,1,1
4570,3,-1,1,1,-1
4571,3,-1,1,1,1
4572,-1,1,-1,1,1
4573,3,-1,1,1,1
4574,3,-1,1,1,1
4575,4,1,1,1,-1
4576,1,1,1,1,-1
4577,-1,-1,-1,-1,-1
4578,4,-1,1,1,1
4579,4,-1,1,1,-1
4580,1,-1,-1,-1,1
4581,0,1,1,-1,-1
4582,1,1,1,1,-1
4583,1,-1,1,1,1
4584,-1,-1,-1,-1,-1
4585,3,-1,-1,1,1
4586,1,1,1,1,-1
4587,4,-1,1,1,1
4588,3,1,1,1,-1
4589,1,-1,-1,1,1
4590,2,-1,1,1,-1
4591,-1,-1,-1,-1,-1
4592,3,1,1,1,-1
4593,1,1,1,1,-1
4594,3,-1,1,1,-1
4595,-1,-1,-1,-1,-1
4596,3,-1,1,1,-1
4597,-1,-1,-1,1,1
4598,5,-1,1,-1,-1
4599,4,-1,1,-1,1
4600,3,-1,-1,1,1
4601,1,1,1,1,-1
4602,5,-1,1,-1,-1
4603,1,-1,-1,1,1
4604,-1,-1,-1,-1,-1
4605,3,1,1,1,-1
4606,-1,-1,-1,1,1
4607,1,-1,1,1,-1
4608,4,-1,1,1,1
4609,1,-1,-1,1,1
4610,1,-1,1,1,-1
4611,4,1,1,1,-1
4612,5,-1,1,-1,-1
4613,3,-1,1,1,-1
4614,4,1,1,1,-1
4615,-1,-1,-1,-1,1
4616,4,-1,-1,1,1
4617,3,1,1,1,-1
4618,1,-1,1,1,1
4619,1,1,1,1,-1
4620,-1,-1,-1,-1,-1
4621,1,-1,1,-1,1
4622,-1,-1,-1,-1,-1
4623,-1,-1,-1,1,1
4624,4,1,1,1,-1
4625,1,-1,1,1,-1
4626,-1,-1,-1,-1,-1
4627,5,-1,1,-1,-1
4628,2,-1,1,1,-1
4629,-1,-1,-1,1,1
4630,-1,-1,-1,-1,-1
4631,4,-1,1,1,-1
4632,-1,-1,-1,1,1
4633,1,-1,1,1,1
4634,4,-1,1,1,1
4635,-1,-1,-1,1,1
4636,1,1,1,1,-1
4637,2,1,1,1,-1
4638,3,-1,1,1,-1
4639,5,1,1,-1,-1
4640,4,-1,1,1,-1
4641,3,-1,1,1,1
4642,1,1,1,1,-1
4643,-1,-1,-1,-1,-1
4644,5,1,-1,-1,1
4645,-1,-1,-1,1,1
4646,1,1,1,1,-1
4647,-1,-1,-1,-1,-1
4648,3,-1,1,1,1
4649,1,1,1,1,-1
4650,-1,-1,-1,1,1
4651,5,-1,1,-1,-1
4652,3,1,1,1,-1
4653,1,-1,1,1,1
4654,-1,-1,-1,-1,-1
4655,1,1,1,1,-1
4656,-1,-1,1,1,1
4657,1,-1,-1,1,1
4658,2,1,1,1,-1
4659,4,-1,1,1,1
4660,4,-1,1,1,1
4661,4,-1,1,-1,1
4662,-1,-1,-1,-1,-1
4663,-1,-1,1,1,1
4664,5,1,1,-1,-1
4665,-1,-1,-1,-1,-1
4666,-1,-1,-1,-1,-1
4667,-1,-1,-1,-1,-1
4668,1,-1,1,1,-1
4669,-1,-1,-1,-1,-1
4670,-1,-1,-1,-1,-1
4671,3,-1,1,1,-1
4672,4,-1,1,1,-1
4673,3,-1,-1,1,1
4674,-1,-1,-1,1,1
4675,5,-1,1,-1,-1
4676,-1,-1,-1,-1,-1
4677,4,-1,-1,1,1
4678,4,-1,-1,1,1
4679,4,-1,-1,1,1
4680,4,-1,1,-1,1
4681,1,-1,-1,-1,1
4682,3,-1,1,1,-1
4683,4,-1,1,1,1
4684,1,-1,1,1,1
4685,4,-1,1,1,-1
4686,0,-1,1,-1,1
4687,1,-1,1,1,-1
4688,5,-1,1,-1,-1
4689,1,-1,-1,1,1
4690,1,-1,-1,1,1
4691,1,-1,1,-1,1
4692,5,1,1,-1,-1
4693,1,-1,1,1,1
4694,2,-1,1,1,-1
4695,4,-1,-1,1,1
4696,4,1,1,-1,1
4697,4,-1,-1,1,1
4698,5,-1,1,-1,-1
4699,3,-1,1,1,-1
4700,3,-1,-1,-1,1
4701,5,-1,1,-1,-1
4702,4,1,1,1,-1
4703,-1,-1,-1,1,1
4704,1,-1,1,1,-1
4705,-1,-1,1,1,1
4706,1,-1,-1,1,1
4707,-1,-1,-1,-1,-1
4708,-1,-1,-1,-1,-1
4709,5,-1,1,-1,-1
4710,1,-1,1,1,1
4711,3,1,1,1,-1
4712,5,1,1,-1,-1
4713,2,1,1,1,-1
4714,3,-1,-1,1,1
4715,3,1,1,1,-1
4716,-1,-1,-1,-1,-1
4717,4,-1,1,1,1
4718,4,-1,1,1,-1
4719,4,-1,1,1,1
4720,-1,-1,1,1,1
4721,1,1,1,1,-1
4722,2,1,1,1,-1
4723,-1,-1,-1,-1,-1
4724,1,1,1,1,-1
4725,2,-1,1,1,-1
4726,1,-1,1,1,-1
4727,3,-1,-1,1,1
4728,1,-1,1,1,-1
4729,-1,-1,-1,-1,-1
4730,3,-1,1,1,-1
4731,2,-1,1,1,-1
4732,4,-1,1,1,-1
4733,1,-1,1,1,1
4734,3,-1,1,1,-1
4735,2,-1,1,1,-1
4736,-1,-1,-1,1,1
4737,3,-1,-1,1,1
4738,1,-1,1,1,-1
4739,4,-1,1,1,1
4740,1,-1,1,1,-1
4741,4,1,1,1,-1
4742,3,1,1,1,-1
4743,1,-1,1,1,-1
4744,1,1,1,1,-1
4745,2,-1,1,1,-1
4746,1,-1,1,1,-1
4747,1,-1,-1,1,1
4748,-1,-1,1,1,1
4749,3,-1,1,1,1
4750,-1,-1,-1,-1,-1
4751,1,-1,1,1,-1
4752,4,1,1,1,-1
4753,1,-1,1,1,-1
4754,3,-1,1,1,-1
4755,-1,-1,1,1,1
4756,2,1,1,1,-1
4757,-1,-1,1,1,1
4758,0,1,1,-1,-1
4759,-1,-1,1,1,1
4760,3,1,1,1,-1
4761,1,-1,1,1,-1
4762,3,-1,1,1,-1
4763,5,1,1,-1,-1
4764,-1,-1,-1,-1,-1
4765,-1,1,-1,-1,1
4766,1,-1,-1,1,1
4767,4,-1,-1,1,1
4768,3,-1,1,1,1
4769,-1,-1,-1,-1,-1
4770,3,1,1,1,-1
4771,5,1,1,-1,-1
4772,4,1,1,1,-1
4773,2,-1,1,1,-1
4774,3,1,1,1,-1
4775,4,-1,1,1,-1
4776,4,-1,1,1,-1
4777,3,1,1,1,-1
4778,-1,-1,-1,-1,-1
4779,3,-1,1,-1,1
4780,2,1,1,1,-1
4781,2,1,1,1,-1
4782,5,-1,1,-1,-1
4783,3,1,1,1,-1
4784,-1,-1,-1,1,1
4785,2,-1,1,1,-1
4786,1,-1,1,1,1
4787,1,-1,1,1,-1
4788,0,-1,-1,-1,1
4789,1,-1,1,1,-1
4790,1,1,1,1,-1
4791,2,1,1,1,-1
4792,3,-1,1,1,-1
4793,3,-1,-1,1,1
4794,-1,-1,-1,-1,1
4795,1,-1,-1,1,1
4796,1,-1,1,1,-1
4797,3,-1,1,1,1
4798,5,-1,1,-1,-1
4799,4,-1,1,1,1
4800,-1,-1,-1,1,1
4801,4,-1,-1,1,1
4802,3,1,1,1,-1
4803,4,-1,1,1,1
4804,-1,-1,-1,-1,-1
4805,1,1,1,1,-1
4806,3,-1,1,1,1
4807,5,1,1,-1,1
4808,0,1,-1,-1,1
4809,5,1,1,-1,-1
4810,5,1,1,-1,1
4811,4,-1,-1,1,1
4812,3,-1,1,1,1
4813,5,-1,1,-1,-1
4814,5,1,1,-1,-1
4815,-1,-1,1,-1,1
4816,0,-1,-1,-1,1
4817,3,-1,1,1,-1
4818,5,1,-1,-1,1
4819,3,1,1,1,-1
4820,3,-1,1,1,-1
4821,2,1,1,1,-1
4822,4,1,1,1,-1
4823,3,-1,-1,1,1
4824,5,1,1,-1,-1
4825,3,1,1,1,-1
4826,5,-1,1,-1,1
4827,1,-1,1,1,-1
4828,-1,-1,-1,1,1
4829,2,-1,1,1,-1
4830,-1,-1,-1,1,1
4831,2,-1,1,1,-1
4832,2,-1,1,1,-1
4833,-1,-1,-1,-1,-1
4834,4,-1,1,-1,1
4835,4,-1,1,1,-1
4836,4,1,1,1,-1
4837,4,-1,-1,1,1
4838,2,1,1,1,-1
4839,3,1,1,1,-1
4840,3,1,1,1,-1
4841,1,-1,1,1,-1
4842,3,1,1,1,-1
4843,5,-1,1,-1,-1
4844,2,-1,1,1,-1
4845,-1,-1,1,-1,1
4846,5,-1,1,-1,-1
4847,3,-1,1,1,-1
4848,4,-1,-1,1,1
4849,-1,-1,1,-1,1
4850,-1,-1,-1,-1,1
4851,1,-1,1,1,-1
4852,4,1,1,1,-1
4853,4,-1,1,1,-1
4854,1,-1,1,1,-1
4855,5,-1,1,-1,-1
4856,-1,-1,1,1,1
4857,-1,-1,-1,-1,-1
4858,-1,-1,1,1,1
4859,5,-1,1,-1,-1
4860,2,-1,1,1,-1
4861,-1,-1,1,1,1
4862,4,1,1,1,-1
4863,-1,-1,1,1,1
4864,4,-1,1,1,-1
4865,5,1,1,-1,-1
4866,-1,-1,-1,1,1
4867,4,-1,1,1,1
4868,1,-1,1,1,-1
4869,3,1,1,1,-1
4870,5,-1,1,-1,-1
4871,2,1,1,1,-1
4872,3,-1,1,1,-1
4873,-1,-1,-1,-1,1
4874,4,-1,-1,1,1
4875,-1,-1,-1,-1,-1
4876,-1,-1,-1,-1,1
4877,4,-1,1,1,-1
4878,3,-1,1,1,1
4879,0,-1,1,-1,1
4880,4,-1,1,1,-1
4881,4,-1,1,1,-1
4882,5,-1,1,-1,-1
4883,2,1,1,1,-1
4884,1,-1,1,1,-1
4885,4,1,1,1,-1
4886,2,-1,1,1,-1
4887,4,-1,1,1,-1
4888,5,-1,1,-1,-1
4889,5,-1,1,-1,-1
4890,3,-1,1,1,-1
4891,-1,1,-1,1,1
4892,1,-1,-1,-1,1
4893,1,-1,1,1,-1
4894,1,1,1,1,-1
4895,-1,-1,-1,1,1
4896,-1,-1,1,1,1
4897,-1,-1,-1,1,1
4898,1,-1,1,1,-1
4899,4,-1,1,1,1
4900,5,1,-1,-1,1
4901,2,-1,1,1,-1
4902,4,-1,1,1,1
4903,5,1,1,-1,-1
4904,5,1,1,-1,-1
4905,1,-1,1,1,-1
4906,1,-1,1,1,-1
4907,-1,-1,-1,1,1
4908,-1,-1,1,-1,1
4909,2,1,1,1,-1
4910,4,-1,-1,-1,1
4911,-1,-1,1,1,1
4912,-1,-1,-1,-1,-1
4913,-1,-1,1,-1,1
4914,5,-1,1,-1,-1
4915,1,-1,-1,1,1
4916,3,-1,1,1,1
4917,3,-1,-1,1,1
4918,5,-1,1,-1,-1
4919,-1,-1,1,1,1
4920,3,-1,1,1,1
4921,5,1,1,-1,-1
4922,5,-1,1,-1,-1
4923,3,-1,-1,1,1
4924,3,1,1,1,-1
4925,3,-1,1,1,1
4926,3,-1,-1,1,1
4927,1,-1,1,-1,1
4928,-1,-1,-1,-1,1
4929,3,-1,1,-1,1
4930,-1,-1,1,1,1
4931,-1,-1,1,-1,1
4932,-1,-1,1,1,1
4933,1,1,1,1,-1
4934,1,-1,1,1,1
4935,1,-1,1,1,1
4936,4,-1,1,1,1
4937,1,-1,-1,1,1
4938,4,1,1,1,-1
4939,2,1,1,1,-1
4940,-1,-1,1,1,1
4941,1,-1,1,1,1
4942,5,-1,-1,-1,1
4943,1,1,1,1,-1
4944,1,1,1,1,-1
4945,1,-1,1,1,1
4946,5,1,1,-1,-1
4947,5,-1,1,-1,-1
4948,1,1,1,1,-1
4949,3,1,1,1,-1
4950,2,1,1,1,-1
4951,1,-1,1,1,-1
4952,3,1,1,1,-1
4953,-1,-1,-1,1,1
4954,3,-1,1,1,-1
4955,2,1,1,1,-1
4956,4,-1,1,1,-1
4957,1,1,1,1,-1
4958,5,-1,1,-1,-1
4959,3,-1,1,1,-1
4960,-1,-1,-1,-1,-1
4961,3,-1,1,1,1
4962,4,-1,-1,1,1
4963,3,1,1,1,-1
4964,5,1,1,-1,-1
4965,3,1,1,1,-1
4966,4,-1,1,1,-1
4967,-1,-1,-1,-1,1
4968,3,-1,-1,1,1
4969,1,1,1,1,-1
4970,5,-1,1,-1,-1
4971,3,-1,1,1,-1
4972,3,-1,1,1,-1
4973,3,-1,1,1,1
4974,3,-1,1,1,-1
4975,1,1,1,1,-1
4976,-1,-1,-1,-1,-1
4977,1,-1,1,1,-1
4978,1,1,1,1,-1
4979,1,-1,1,1,-1
4980,-1,-1,1,1,1
4981,3,-1,1,-1,1
4982,-1,1,1,1,1
4983,-1,-1,1,1,1
4984,3,-1,1,1,-1
4985,4,-1,1,1,1
4986,-1,-1,1,1,1
4987,3,1,1,1,-1
4988,1,-1,1,1,-1
4989,1,1,1,1,-1
4990,-1,1,1,-1,1
4991,-1,-1,-1,1,1
4992,-1,-1,-1,1,1
4993,3,-1,-1,1,1
4994,-1,-1,1,1,1
4995,5,1,1,-1,-1
4996,3,1,1,1,-1
4997,4,-1,1,1,1
4998,4,-1,1,1,1
4999,2,1,1,1,-1
5000,-1,-1,-1,-1,-1
